ID_Inscricao,Municipio,UF,Score_Escolaridade_Mae,Tem_Internet,Score_Internet,Nota_Enem,ISE,pib_per_capta,Score_Renda,Nota_Esperada,IVA,latitude,longitude
3563451924,Belo Horizonte,MG,5,Sim,1,711,3.67,56227.29,4,624.53,86.47380599,-19.90269606,-43.9599942
9678344341,Fortaleza,CE,3,Sim,1,591,2.67,35796.74,2,582.76,8.235308822,-3.785866303,-38.52800282
5298312065,Manaus,AM,4,Sim,1,692,7.67,61855.15,16,789.99,-97.98597784,-2.625918589,-60.25963252
2250819632,Belo Horizonte,MG,3,Sim,1,572,2.67,56227.29,2,583.19,-11.19057697,-19.90269606,-43.9599942
5684118973,Fortaleza,CE,3,Sim,1,559,3,35796.74,3,596.54,-37.54323019,-3.785866303,-38.52800282
2934879560,Belo Horizonte,MG,2,Sim,1,657,2,56227.29,2,555.63,101.366501,-19.90269606,-43.9599942
6950318585,Rio de Janeiro,RJ,4,Sim,1,681,7.67,67371.97,16,790.1,-109.100979,-22.92316461,-43.45109396
2111451555,Belo Horizonte,MG,0,Sim,1,436,0.67,56227.29,1,500.52,-64.51934291,-19.90269606,-43.9599942
6188069941,Rio de Janeiro,RJ,3,Sim,1,503,3,67371.97,3,597.2,-94.20143284,-22.92316461,-43.45109396
9274936803,Rio de Janeiro,RJ,3,Sim,1,625,3,67371.97,3,597.2,27.79856716,-22.92316461,-43.45109396
7612927342,Belo Horizonte,MG,0,Não,0,423,0.33,56227.29,1,486.74,-63.7408039,-19.90269606,-43.9599942
4445409806,Belo Horizonte,MG,2,Sim,1,694,2,56227.29,2,555.63,138.366501,-19.90269606,-43.9599942
4055190407,Manaus,AM,0,Sim,1,531,0.33,61855.15,0,486.86,44.14188038,-2.625918589,-60.25963252
3677045063,Manaus,AM,3,Sim,1,790,7.33,61855.15,16,776.21,13.79256117,-2.625918589,-60.25963252
2644658402,Belo Horizonte,MG,0,Não,0,488,0.33,56227.29,1,486.74,1.259196097,-19.90269606,-43.9599942
7415803238,São Paulo,SP,2,Sim,1,558,2,93156.23,2,556.4,1.596697482,-23.65005094,-46.64809546
7181903227,Fortaleza,CE,3,Sim,1,496,2.67,35796.74,2,582.76,-86.76469118,-3.785866303,-38.52800282
3318599822,Belo Horizonte,MG,3,Sim,1,813,3.33,56227.29,4,610.75,202.252345,-19.90269606,-43.9599942
8765817900,Fortaleza,CE,1,Sim,1,411,0.67,35796.74,0,500.09,-89.09345712,-3.785866303,-38.52800282
9088627133,Belo Horizonte,MG,4,Sim,1,704,7.67,56227.29,16,789.87,-85.86866213,-19.90269606,-43.9599942
5767636704,Fortaleza,CE,1,Não,0,527,0.33,35796.74,0,486.31,40.68508189,-3.785866303,-38.52800282
3082328893,São Paulo,SP,3,Sim,1,625,3.33,93156.23,4,611.52,13.48254144,-23.65005094,-46.64809546
9468739568,Manaus,AM,3,Sim,1,542,3,61855.15,3,597.09,-55.0864317,-2.625918589,-60.25963252
7453957249,Rio de Janeiro,RJ,2,Sim,1,544,2,67371.97,2,555.87,-11.86581581,-22.92316461,-43.45109396
7575313972,Belo Horizonte,MG,1,Sim,1,487,0.67,56227.29,0,500.52,-13.51934291,-19.90269606,-43.9599942
6874583831,Belo Horizonte,MG,0,Não,0,459,0.33,56227.29,1,486.74,-27.7408039,-19.90269606,-43.9599942
1647326920,Manaus,AM,3,Sim,1,530,3,61855.15,3,597.09,-67.0864317,-2.625918589,-60.25963252
7494390210,Manaus,AM,3,Sim,1,684,7.33,61855.15,16,776.21,-92.20743883,-2.625918589,-60.25963252
1487365080,Fortaleza,CE,1,Sim,1,476,0.67,35796.74,0,500.09,-24.09345712,-3.785866303,-38.52800282
3218934259,Rio de Janeiro,RJ,1,Sim,1,344,1,67371.97,1,514.53,-170.5301988,-22.92316461,-43.45109396
4867266084,Belo Horizonte,MG,1,Sim,1,448,0.67,56227.29,0,500.52,-52.51934291,-19.90269606,-43.9599942
8168249959,São Paulo,SP,1,Sim,1,474,1,93156.23,1,515.07,-41.06768549,-23.65005094,-46.64809546
3849718370,Belo Horizonte,MG,3,Sim,1,598,3,56227.29,3,596.97,1.030884015,-19.90269606,-43.9599942
1077633091,Fortaleza,CE,3,Sim,1,455,2.67,35796.74,2,582.76,-127.7646912,-3.785866303,-38.52800282
6434002806,São Paulo,SP,3,Sim,1,653,3,93156.23,3,597.74,55.26108045,-23.65005094,-46.64809546
3158809885,Manaus,AM,2,Sim,1,490,2.33,61855.15,3,569.53,-79.52935368,-2.625918589,-60.25963252
1988638203,São Paulo,SP,2,Sim,1,532,2.33,93156.23,3,570.18,-38.18184153,-23.65005094,-46.64809546
9392059356,Fortaleza,CE,2,Sim,1,688,2.33,35796.74,3,568.99,119.0138478,-3.785866303,-38.52800282
4987097879,Manaus,AM,3,Sim,1,778,7.33,61855.15,16,776.21,1.792561168,-2.625918589,-60.25963252
2653982164,Fortaleza,CE,3,Sim,1,574,7.33,35796.74,16,775.66,-201.6642373,-3.785866303,-38.52800282
9289359170,São Paulo,SP,1,Sim,1,389,1,93156.23,1,515.07,-126.0676855,-23.65005094,-46.64809546
4017146154,Rio de Janeiro,RJ,1,Não,0,472,0.67,67371.97,1,500.75,-28.75165977,-22.92316461,-43.45109396
8712870799,Manaus,AM,0,Não,0,465,0.33,61855.15,1,486.86,-21.85811962,-2.625918589,-60.25963252
4603191957,Fortaleza,CE,3,Sim,1,577,2.67,35796.74,2,582.76,-5.764691178,-3.785866303,-38.52800282
8828009797,Rio de Janeiro,RJ,4,Sim,1,758,3.67,67371.97,4,624.76,133.2414891,-22.92316461,-43.45109396
2963938918,Manaus,AM,3,Sim,1,459,2.67,61855.15,2,583.31,-124.3078927,-2.625918589,-60.25963252
7616977454,Belo Horizonte,MG,4,Sim,1,668,7.67,56227.29,16,789.87,-121.8686621,-19.90269606,-43.9599942
5631934902,Manaus,AM,4,Sim,1,763,7.67,61855.15,16,789.99,-26.98597784,-2.625918589,-60.25963252
3957084555,Rio de Janeiro,RJ,1,Sim,1,363,0.67,67371.97,0,500.75,-137.7516598,-22.92316461,-43.45109396
8364133423,São Paulo,SP,3,Sim,1,583,3,93156.23,3,597.74,-14.73891955,-23.65005094,-46.64809546
8430462300,São Paulo,SP,2,Sim,1,488,2,93156.23,2,556.4,-68.40330252,-23.65005094,-46.64809546
5689241307,Fortaleza,CE,2,Sim,1,571,2,35796.74,2,555.21,15.79238684,-3.785866303,-38.52800282
3036561099,Manaus,AM,1,Sim,1,416,1,61855.15,1,514.42,-98.41519764,-2.625918589,-60.25963252
6415496883,Manaus,AM,1,Sim,1,547,1,61855.15,1,514.42,32.58480236,-2.625918589,-60.25963252
3316608503,Rio de Janeiro,RJ,3,Sim,1,531,3,67371.97,3,597.2,-66.20143284,-22.92316461,-43.45109396
7757559970,Rio de Janeiro,RJ,1,Sim,1,496,1,67371.97,1,514.53,-18.53019878,-22.92316461,-43.45109396
5128282016,Belo Horizonte,MG,0,Sim,1,368,0.33,56227.29,0,486.74,-118.7408039,-19.90269606,-43.9599942
3816307289,Manaus,AM,1,Não,0,507,0.33,61855.15,0,486.86,20.14188038,-2.625918589,-60.25963252
6414641778,Manaus,AM,4,Sim,1,680,7.67,61855.15,16,789.99,-109.9859778,-2.625918589,-60.25963252
4450924308,Manaus,AM,0,Não,0,431,0,61855.15,0,473.08,-42.07958061,-2.625918589,-60.25963252
4142403170,Manaus,AM,0,Sim,1,316,0.67,61855.15,1,500.64,-184.6366586,-2.625918589,-60.25963252
9171402512,Manaus,AM,0,Sim,1,362,0.33,61855.15,0,486.86,-124.8581196,-2.625918589,-60.25963252
6573300620,São Paulo,SP,2,Sim,1,590,2.33,93156.23,3,570.18,19.81815847,-23.65005094,-46.64809546
2371441606,Belo Horizonte,MG,4,Sim,1,798,3.67,56227.29,4,624.53,173.473806,-19.90269606,-43.9599942
9947638415,Belo Horizonte,MG,4,Sim,1,586,7.67,56227.29,16,789.87,-203.8686621,-19.90269606,-43.9599942
4399806102,São Paulo,SP,3,Sim,1,574,2.67,93156.23,2,583.96,-9.960380539,-23.65005094,-46.64809546
7655175902,São Paulo,SP,1,Sim,1,605,0.67,93156.23,0,501.29,103.7108535,-23.65005094,-46.64809546
1434318588,Belo Horizonte,MG,3,Sim,1,642,3,56227.29,3,596.97,45.03088401,-19.90269606,-43.9599942
5644357636,Manaus,AM,1,Sim,1,333,0.67,61855.15,0,500.64,-167.6366586,-2.625918589,-60.25963252
3542142764,Manaus,AM,0,Sim,1,466,0.67,61855.15,1,500.64,-34.63665863,-2.625918589,-60.25963252
9187729753,Belo Horizonte,MG,0,Sim,1,402,0.67,56227.29,1,500.52,-98.51934291,-19.90269606,-43.9599942
4533857662,Manaus,AM,1,Não,0,309,0.67,61855.15,1,500.64,-191.6366586,-2.625918589,-60.25963252
2610056894,São Paulo,SP,2,Sim,1,542,2,93156.23,2,556.4,-14.40330252,-23.65005094,-46.64809546
2385927470,São Paulo,SP,1,Não,0,456,0.67,93156.23,1,501.29,-45.28914648,-23.65005094,-46.64809546
3246688145,Manaus,AM,0,Sim,1,422,0.33,61855.15,0,486.86,-64.85811962,-2.625918589,-60.25963252
4930987466,São Paulo,SP,2,Sim,1,565,2.33,93156.23,3,570.18,-5.181841528,-23.65005094,-46.64809546
7251998155,Belo Horizonte,MG,4,Sim,1,705,7.67,56227.29,16,789.87,-84.86866213,-19.90269606,-43.9599942
6437162011,Rio de Janeiro,RJ,1,Não,0,401,0.67,67371.97,1,500.75,-99.75165977,-22.92316461,-43.45109396
2329410976,Belo Horizonte,MG,1,Sim,1,598,1,56227.29,1,514.3,83.70211808,-19.90269606,-43.9599942
3634598190,Manaus,AM,0,Sim,1,340,0.33,61855.15,0,486.86,-146.8581196,-2.625918589,-60.25963252
7664019194,São Paulo,SP,3,Sim,1,704,3,93156.23,3,597.74,106.2610805,-23.65005094,-46.64809546
4600594380,São Paulo,SP,0,Não,0,422,0.33,93156.23,1,487.51,-65.51060747,-23.65005094,-46.64809546
1058720660,São Paulo,SP,2,Sim,1,610,2,93156.23,2,556.4,53.59669748,-23.65005094,-46.64809546
2935072333,Manaus,AM,3,Sim,1,613,3,61855.15,3,597.09,15.9135683,-2.625918589,-60.25963252
9066896320,São Paulo,SP,0,Sim,1,544,0.33,93156.23,0,487.51,56.48939253,-23.65005094,-46.64809546
8612049525,Belo Horizonte,MG,1,Sim,1,583,0.67,56227.29,0,500.52,82.48065709,-19.90269606,-43.9599942
9452382955,Fortaleza,CE,2,Sim,1,692,2.33,35796.74,3,568.99,123.0138478,-3.785866303,-38.52800282
3664209236,São Paulo,SP,2,Sim,1,623,2,93156.23,2,556.4,66.59669748,-23.65005094,-46.64809546
6800729381,Rio de Janeiro,RJ,4,Sim,1,858,3.67,67371.97,4,624.76,233.2414891,-22.92316461,-43.45109396
4365764055,Fortaleza,CE,1,Sim,1,561,1,35796.74,1,513.87,47.12800387,-3.785866303,-38.52800282
1631675779,Belo Horizonte,MG,0,Sim,1,556,0.67,56227.29,1,500.52,55.48065709,-19.90269606,-43.9599942
2492129217,São Paulo,SP,0,Sim,1,448,0.67,93156.23,1,501.29,-53.28914648,-23.65005094,-46.64809546
4851676866,Manaus,AM,1,Não,0,463,0.33,61855.15,0,486.86,-23.85811962,-2.625918589,-60.25963252
1725570564,Rio de Janeiro,RJ,2,Sim,1,695,2,67371.97,2,555.87,139.1341842,-22.92316461,-43.45109396
3295331460,Rio de Janeiro,RJ,1,Não,0,345,0.33,67371.97,0,486.97,-141.9731208,-22.92316461,-43.45109396
8728408824,Rio de Janeiro,RJ,0,Não,0,444,0.33,67371.97,1,486.97,-42.97312076,-22.92316461,-43.45109396
2189180441,São Paulo,SP,3,Sim,1,624,3,93156.23,3,597.74,26.26108045,-23.65005094,-46.64809546
8505330540,Rio de Janeiro,RJ,3,Sim,1,612,3,67371.97,3,597.2,14.79856716,-22.92316461,-43.45109396
8514544490,Rio de Janeiro,RJ,0,Sim,1,382,0.67,67371.97,1,500.75,-118.7516598,-22.92316461,-43.45109396
1908162278,Rio de Janeiro,RJ,0,Não,0,466,0,67371.97,0,473.19,-7.194581752,-22.92316461,-43.45109396
3549460179,Rio de Janeiro,RJ,2,Sim,1,435,2,67371.97,2,555.87,-120.8658158,-22.92316461,-43.45109396
7690452078,São Paulo,SP,3,Sim,1,578,2.67,93156.23,2,583.96,-5.960380539,-23.65005094,-46.64809546
2559426565,São Paulo,SP,2,Sim,1,628,2.33,93156.23,3,570.18,57.81815847,-23.65005094,-46.64809546
1032359860,Fortaleza,CE,1,Sim,1,527,0.67,35796.74,0,500.09,26.90654288,-3.785866303,-38.52800282
9967409085,Manaus,AM,1,Não,0,393,0.33,61855.15,0,486.86,-93.85811962,-2.625918589,-60.25963252
7768861651,São Paulo,SP,0,Sim,1,416,0.33,93156.23,0,487.51,-71.51060747,-23.65005094,-46.64809546
6402651504,Belo Horizonte,MG,4,Sim,1,873,3.67,56227.29,4,624.53,248.473806,-19.90269606,-43.9599942
6497468338,São Paulo,SP,3,Sim,1,604,2.67,93156.23,2,583.96,20.03961946,-23.65005094,-46.64809546
8348484931,Manaus,AM,3,Sim,1,632,3,61855.15,3,597.09,34.9135683,-2.625918589,-60.25963252
6534626111,São Paulo,SP,3,Sim,1,390,2.67,93156.23,2,583.96,-193.9603805,-23.65005094,-46.64809546
3287454186,Manaus,AM,3,Sim,1,471,2.67,61855.15,2,583.31,-112.3078927,-2.625918589,-60.25963252
6679466508,Rio de Janeiro,RJ,3,Sim,1,709,3,67371.97,3,597.2,111.7985672,-22.92316461,-43.45109396
3558248906,Rio de Janeiro,RJ,0,Não,0,651,0,67371.97,0,473.19,177.8054182,-22.92316461,-43.45109396
9301905780,Fortaleza,CE,0,Sim,1,411,0.33,35796.74,0,486.31,-75.31491811,-3.785866303,-38.52800282
5501532219,Fortaleza,CE,3,Sim,1,720,7.33,35796.74,16,775.66,-55.66423732,-3.785866303,-38.52800282
4498571780,São Paulo,SP,3,Sim,1,619,3,93156.23,3,597.74,21.26108045,-23.65005094,-46.64809546
3526757929,Fortaleza,CE,3,Sim,1,706,3,35796.74,3,596.54,109.4567698,-3.785866303,-38.52800282
1997345944,Fortaleza,CE,2,Sim,1,577,2,35796.74,2,555.21,21.79238684,-3.785866303,-38.52800282
5581094196,São Paulo,SP,4,Sim,1,748,3.67,93156.23,4,625.3,122.7040024,-23.65005094,-46.64809546
5893136319,Fortaleza,CE,2,Sim,1,671,2,35796.74,2,555.21,115.7923868,-3.785866303,-38.52800282
8526514104,Belo Horizonte,MG,2,Sim,1,522,2,56227.29,2,555.63,-33.63349895,-19.90269606,-43.9599942
1442020981,São Paulo,SP,1,Sim,1,394,1,93156.23,1,515.07,-121.0676855,-23.65005094,-46.64809546
3318683783,Manaus,AM,0,Não,0,425,0.33,61855.15,1,486.86,-61.85811962,-2.625918589,-60.25963252
6376436010,Belo Horizonte,MG,2,Sim,1,565,2,56227.29,2,555.63,9.366501046,-19.90269606,-43.9599942
6271432325,Fortaleza,CE,1,Sim,1,388,0.67,35796.74,0,500.09,-112.0934571,-3.785866303,-38.52800282
2099578336,Fortaleza,CE,1,Sim,1,274,0.67,35796.74,0,500.09,-226.0934571,-3.785866303,-38.52800282
4962104695,Belo Horizonte,MG,3,Sim,1,561,3,56227.29,3,596.97,-35.96911599,-19.90269606,-43.9599942
9206334730,São Paulo,SP,3,Sim,1,714,2.67,93156.23,2,583.96,130.0396195,-23.65005094,-46.64809546
8891962838,São Paulo,SP,1,Sim,1,663,0.67,93156.23,0,501.29,161.7108535,-23.65005094,-46.64809546
1019894388,Manaus,AM,0,Não,0,501,0,61855.15,0,473.08,27.92041939,-2.625918589,-60.25963252
7295134086,Rio de Janeiro,RJ,1,Sim,1,561,0.67,67371.97,0,500.75,60.24834023,-22.92316461,-43.45109396
6052543639,São Paulo,SP,3,Sim,1,544,2.67,93156.23,2,583.96,-39.96038054,-23.65005094,-46.64809546
4352203548,São Paulo,SP,2,Sim,1,757,2.33,93156.23,3,570.18,186.8181585,-23.65005094,-46.64809546
1638501552,Belo Horizonte,MG,0,Sim,1,550,0.33,56227.29,0,486.74,63.2591961,-19.90269606,-43.9599942
1792261991,Belo Horizonte,MG,2,Sim,1,815,2.33,56227.29,3,569.41,245.587962,-19.90269606,-43.9599942
6176035359,Manaus,AM,0,Sim,1,464,0.33,61855.15,0,486.86,-22.85811962,-2.625918589,-60.25963252
9872151057,Manaus,AM,3,Sim,1,693,2.67,61855.15,2,583.31,109.6921073,-2.625918589,-60.25963252
7429617373,Rio de Janeiro,RJ,2,Sim,1,529,2.33,67371.97,3,569.64,-40.64435482,-22.92316461,-43.45109396
9149401554,Fortaleza,CE,1,Sim,1,371,0.67,35796.74,0,500.09,-129.0934571,-3.785866303,-38.52800282
1953363190,Belo Horizonte,MG,3,Sim,1,870,3.33,56227.29,4,610.75,259.252345,-19.90269606,-43.9599942
6752126200,Fortaleza,CE,0,Não,0,418,0,35796.74,0,472.54,-54.5363791,-3.785866303,-38.52800282
8860734442,São Paulo,SP,3,Sim,1,649,3,93156.23,3,597.74,51.26108045,-23.65005094,-46.64809546
6554027230,Belo Horizonte,MG,3,Sim,1,681,7.33,56227.29,16,776.09,-95.09012312,-19.90269606,-43.9599942
4764298642,Rio de Janeiro,RJ,0,Não,0,439,0,67371.97,0,473.19,-34.19458175,-22.92316461,-43.45109396
4510893358,Belo Horizonte,MG,3,Sim,1,490,3,56227.29,3,596.97,-106.969116,-19.90269606,-43.9599942
2758409637,Rio de Janeiro,RJ,1,Sim,1,551,0.67,67371.97,0,500.75,50.24834023,-22.92316461,-43.45109396
8644005739,São Paulo,SP,2,Sim,1,687,2.33,93156.23,3,570.18,116.8181585,-23.65005094,-46.64809546
3326301223,São Paulo,SP,3,Sim,1,607,2.67,93156.23,2,583.96,23.03961946,-23.65005094,-46.64809546
8065453845,Rio de Janeiro,RJ,2,Sim,1,506,2,67371.97,2,555.87,-49.86581581,-22.92316461,-43.45109396
5583483425,Manaus,AM,1,Não,0,468,0.67,61855.15,1,500.64,-32.63665863,-2.625918589,-60.25963252
1047226729,São Paulo,SP,3,Sim,1,576,3,93156.23,3,597.74,-21.73891955,-23.65005094,-46.64809546
3122890036,Fortaleza,CE,2,Sim,1,558,2.33,35796.74,3,568.99,-10.98615217,-3.785866303,-38.52800282
7107598381,Rio de Janeiro,RJ,3,Sim,1,702,7.33,67371.97,16,776.32,-74.32243998,-22.92316461,-43.45109396
7339588193,Belo Horizonte,MG,2,Sim,1,625,2,56227.29,2,555.63,69.36650105,-19.90269606,-43.9599942
3131876797,Manaus,AM,3,Sim,1,571,3,61855.15,3,597.09,-26.0864317,-2.625918589,-60.25963252
7269284376,São Paulo,SP,0,Sim,1,643,0.33,93156.23,0,487.51,155.4893925,-23.65005094,-46.64809546
5317532261,Fortaleza,CE,4,Sim,1,588,3.67,35796.74,4,624.1,-36.10030821,-3.785866303,-38.52800282
5081238345,Belo Horizonte,MG,3,Sim,1,821,3.33,56227.29,4,610.75,210.252345,-19.90269606,-43.9599942
9410279503,São Paulo,SP,3,Sim,1,640,2.67,93156.23,2,583.96,56.03961946,-23.65005094,-46.64809546
7397031512,Manaus,AM,3,Sim,1,658,2.67,61855.15,2,583.31,74.69210731,-2.625918589,-60.25963252
9779623711,Belo Horizonte,MG,0,Sim,1,494,0.67,56227.29,1,500.52,-6.519342913,-19.90269606,-43.9599942
5812607822,Rio de Janeiro,RJ,2,Sim,1,626,2.33,67371.97,3,569.64,56.35564518,-22.92316461,-43.45109396
3036734545,Manaus,AM,3,Sim,1,718,2.67,61855.15,2,583.31,134.6921073,-2.625918589,-60.25963252
1330511457,São Paulo,SP,2,Sim,1,393,2.33,93156.23,3,570.18,-177.1818415,-23.65005094,-46.64809546
3312416771,Fortaleza,CE,3,Sim,1,557,3,35796.74,3,596.54,-39.54323019,-3.785866303,-38.52800282
5399767862,Rio de Janeiro,RJ,3,Sim,1,693,2.67,67371.97,2,583.42,109.5771062,-22.92316461,-43.45109396
2649112337,Fortaleza,CE,3,Sim,1,688,7.33,35796.74,16,775.66,-87.66423732,-3.785866303,-38.52800282
4299709193,Manaus,AM,3,Sim,1,722,3,61855.15,3,597.09,124.9135683,-2.625918589,-60.25963252
1474482690,São Paulo,SP,0,Sim,1,311,0.67,93156.23,1,501.29,-190.2891465,-23.65005094,-46.64809546
4909876660,Rio de Janeiro,RJ,0,Não,0,436,0.33,67371.97,1,486.97,-50.97312076,-22.92316461,-43.45109396
4377326140,São Paulo,SP,1,Não,0,505,0.33,93156.23,0,487.51,17.48939253,-23.65005094,-46.64809546
3790211134,Fortaleza,CE,3,Sim,1,607,7.33,35796.74,16,775.66,-168.6642373,-3.785866303,-38.52800282
1946981081,Manaus,AM,4,Sim,1,767,7.67,61855.15,16,789.99,-22.98597784,-2.625918589,-60.25963252
1746874428,São Paulo,SP,3,Sim,1,650,3,93156.23,3,597.74,52.26108045,-23.65005094,-46.64809546
7970462988,Fortaleza,CE,1,Sim,1,476,1,35796.74,1,513.87,-37.87199613,-3.785866303,-38.52800282
4817143944,São Paulo,SP,4,Sim,1,608,3.67,93156.23,4,625.3,-17.29599757,-23.65005094,-46.64809546
2413264846,Fortaleza,CE,4,Sim,1,782,7.67,35796.74,16,789.44,-7.442776332,-3.785866303,-38.52800282
5643058117,Fortaleza,CE,0,Não,0,620,0.33,35796.74,1,486.31,133.6850819,-3.785866303,-38.52800282
1264213617,Manaus,AM,1,Não,0,181,0.33,61855.15,0,486.86,-305.8581196,-2.625918589,-60.25963252
2146877676,Manaus,AM,4,Sim,1,660,3.67,61855.15,4,624.64,35.35649028,-2.625918589,-60.25963252
1675772986,São Paulo,SP,4,Sim,1,762,3.67,93156.23,4,625.3,136.7040024,-23.65005094,-46.64809546
4783311082,Fortaleza,CE,1,Não,0,517,0.33,35796.74,0,486.31,30.68508189,-3.785866303,-38.52800282
9612032937,Manaus,AM,3,Sim,1,700,3.33,61855.15,4,610.86,89.13502929,-2.625918589,-60.25963252
2111057931,Rio de Janeiro,RJ,3,Sim,1,663,7.33,67371.97,16,776.32,-113.32244,-22.92316461,-43.45109396
1497545575,Rio de Janeiro,RJ,0,Sim,1,520,0.67,67371.97,1,500.75,19.24834023,-22.92316461,-43.45109396
5374113734,Manaus,AM,2,Sim,1,501,2.33,61855.15,3,569.53,-68.52935368,-2.625918589,-60.25963252
1440275932,Rio de Janeiro,RJ,2,Sim,1,565,2.33,67371.97,3,569.64,-4.644354824,-22.92316461,-43.45109396
8338260880,Belo Horizonte,MG,1,Sim,1,499,0.67,56227.29,0,500.52,-1.519342913,-19.90269606,-43.9599942
9038189361,Rio de Janeiro,RJ,3,Sim,1,771,3,67371.97,3,597.2,173.7985672,-22.92316461,-43.45109396
6891980142,Belo Horizonte,MG,2,Sim,1,550,2,56227.29,2,555.63,-5.633498954,-19.90269606,-43.9599942
9577584412,Fortaleza,CE,1,Não,0,467,0.33,35796.74,0,486.31,-19.31491811,-3.785866303,-38.52800282
8614215854,Manaus,AM,3,Sim,1,703,3,61855.15,3,597.09,105.9135683,-2.625918589,-60.25963252
5137069949,Belo Horizonte,MG,2,Sim,1,592,2,56227.29,2,555.63,36.36650105,-19.90269606,-43.9599942
5226151810,Manaus,AM,3,Sim,1,638,3.33,61855.15,4,610.86,27.13502929,-2.625918589,-60.25963252
1860535970,Fortaleza,CE,3,Sim,1,615,3,35796.74,3,596.54,18.45676981,-3.785866303,-38.52800282
4730708112,Belo Horizonte,MG,3,Sim,1,591,3,56227.29,3,596.97,-5.969115985,-19.90269606,-43.9599942
7572822065,Manaus,AM,2,Sim,1,661,2,61855.15,2,555.75,105.2491853,-2.625918589,-60.25963252
7279660046,Belo Horizonte,MG,1,Sim,1,566,1,56227.29,1,514.3,51.70211808,-19.90269606,-43.9599942
1861247141,São Paulo,SP,0,Sim,1,414,0.33,93156.23,0,487.51,-73.51060747,-23.65005094,-46.64809546
1642443984,Manaus,AM,1,Não,0,422,0.67,61855.15,1,500.64,-78.63665863,-2.625918589,-60.25963252
4251544792,Manaus,AM,1,Sim,1,489,1,61855.15,1,514.42,-25.41519764,-2.625918589,-60.25963252
1441489995,Fortaleza,CE,2,Sim,1,648,2.33,35796.74,3,568.99,79.01384783,-3.785866303,-38.52800282
7949925973,São Paulo,SP,3,Sim,1,561,2.67,93156.23,2,583.96,-22.96038054,-23.65005094,-46.64809546
1354371485,Rio de Janeiro,RJ,0,Não,0,368,0.33,67371.97,1,486.97,-118.9731208,-22.92316461,-43.45109396
7732536678,São Paulo,SP,4,Sim,1,780,7.67,93156.23,16,790.64,-10.63846569,-23.65005094,-46.64809546
4034290114,Rio de Janeiro,RJ,0,Sim,1,381,0.67,67371.97,1,500.75,-119.7516598,-22.92316461,-43.45109396
9311628491,Fortaleza,CE,0,Não,0,491,0.33,35796.74,1,486.31,4.685081894,-3.785866303,-38.52800282
8661502485,Belo Horizonte,MG,0,Não,0,514,0,56227.29,0,472.96,41.03773511,-19.90269606,-43.9599942
5645565386,Rio de Janeiro,RJ,2,Sim,1,662,2,67371.97,2,555.87,106.1341842,-22.92316461,-43.45109396
9777459999,Belo Horizonte,MG,0,Não,0,585,0,56227.29,0,472.96,112.0377351,-19.90269606,-43.9599942
5279221599,Fortaleza,CE,1,Sim,1,420,1,35796.74,1,513.87,-93.87199613,-3.785866303,-38.52800282
4609715590,Belo Horizonte,MG,0,Não,0,707,0,56227.29,0,472.96,234.0377351,-19.90269606,-43.9599942
2485779459,Belo Horizonte,MG,0,Sim,1,529,0.33,56227.29,0,486.74,42.2591961,-19.90269606,-43.9599942
2698724705,Belo Horizonte,MG,0,Sim,1,521,0.33,56227.29,0,486.74,34.2591961,-19.90269606,-43.9599942
8108210982,Belo Horizonte,MG,4,Sim,1,782,7.67,56227.29,16,789.87,-7.868662129,-19.90269606,-43.9599942
7496632833,Manaus,AM,1,Sim,1,333,0.67,61855.15,0,500.64,-167.6366586,-2.625918589,-60.25963252
5713268725,Manaus,AM,3,Sim,1,717,3.33,61855.15,4,610.86,106.1350293,-2.625918589,-60.25963252
2679682426,São Paulo,SP,3,Sim,1,694,2.67,93156.23,2,583.96,110.0396195,-23.65005094,-46.64809546
1038785284,São Paulo,SP,3,Sim,1,818,7.33,93156.23,16,776.86,41.14007332,-23.65005094,-46.64809546
6716126287,Belo Horizonte,MG,3,Sim,1,673,3.33,56227.29,4,610.75,62.252345,-19.90269606,-43.9599942
2850647808,Rio de Janeiro,RJ,3,Sim,1,785,3,67371.97,3,597.2,187.7985672,-22.92316461,-43.45109396
3600766570,Belo Horizonte,MG,3,Sim,1,509,3,56227.29,3,596.97,-87.96911599,-19.90269606,-43.9599942
6179048555,Manaus,AM,0,Sim,1,418,0.67,61855.15,1,500.64,-82.63665863,-2.625918589,-60.25963252
1524458102,Rio de Janeiro,RJ,1,Não,0,463,0.33,67371.97,0,486.97,-23.97312076,-22.92316461,-43.45109396
1443708576,Fortaleza,CE,2,Sim,1,562,2,35796.74,2,555.21,6.792386843,-3.785866303,-38.52800282
9382967777,Rio de Janeiro,RJ,1,Sim,1,460,1,67371.97,1,514.53,-54.53019878,-22.92316461,-43.45109396
6766652822,São Paulo,SP,2,Sim,1,540,2,93156.23,2,556.4,-16.40330252,-23.65005094,-46.64809546
1403300480,Manaus,AM,1,Sim,1,492,1,61855.15,1,514.42,-22.41519764,-2.625918589,-60.25963252
6391500462,Manaus,AM,2,Sim,1,679,2,61855.15,2,555.75,123.2491853,-2.625918589,-60.25963252
9026885767,Rio de Janeiro,RJ,1,Não,0,499,0.67,67371.97,1,500.75,-1.751659773,-22.92316461,-43.45109396
3579598336,São Paulo,SP,0,Sim,1,511,0.67,93156.23,1,501.29,9.710853523,-23.65005094,-46.64809546
8120391387,Manaus,AM,3,Sim,1,518,2.67,61855.15,2,583.31,-65.30789269,-2.625918589,-60.25963252
4721325728,Rio de Janeiro,RJ,3,Sim,1,810,7.33,67371.97,16,776.32,33.67756002,-22.92316461,-43.45109396
7030736764,São Paulo,SP,0,Não,0,439,0,93156.23,0,473.73,-34.73206846,-23.65005094,-46.64809546
9065481100,Belo Horizonte,MG,3,Sim,1,586,3,56227.29,3,596.97,-10.96911599,-19.90269606,-43.9599942
2394085518,Fortaleza,CE,1,Sim,1,570,1,35796.74,1,513.87,56.12800387,-3.785866303,-38.52800282
3561885600,São Paulo,SP,0,Sim,1,408,0.33,93156.23,0,487.51,-79.51060747,-23.65005094,-46.64809546
7955658057,Belo Horizonte,MG,0,Não,0,354,0,56227.29,0,472.96,-118.9622649,-19.90269606,-43.9599942
9381536583,Rio de Janeiro,RJ,2,Sim,1,410,2,67371.97,2,555.87,-145.8658158,-22.92316461,-43.45109396
2712930785,Manaus,AM,4,Sim,1,913,3.67,61855.15,4,624.64,288.3564903,-2.625918589,-60.25963252
8379282417,Manaus,AM,0,Não,0,474,0.33,61855.15,1,486.86,-12.85811962,-2.625918589,-60.25963252
3811885347,Manaus,AM,1,Sim,1,605,0.67,61855.15,0,500.64,104.3633414,-2.625918589,-60.25963252
7381770620,Fortaleza,CE,0,Sim,1,496,0.67,35796.74,1,500.09,-4.093457116,-3.785866303,-38.52800282
7916330915,Fortaleza,CE,3,Sim,1,917,7.33,35796.74,16,775.66,141.3357627,-3.785866303,-38.52800282
6072997834,Rio de Janeiro,RJ,1,Sim,1,416,0.67,67371.97,0,500.75,-84.75165977,-22.92316461,-43.45109396
2604211883,São Paulo,SP,3,Sim,1,651,3,93156.23,3,597.74,53.26108045,-23.65005094,-46.64809546
7507627796,Manaus,AM,2,Sim,1,587,2,61855.15,2,555.75,31.24918533,-2.625918589,-60.25963252
4607176828,São Paulo,SP,3,Sim,1,642,3,93156.23,3,597.74,44.26108045,-23.65005094,-46.64809546
6392954202,Rio de Janeiro,RJ,3,Sim,1,672,7.33,67371.97,16,776.32,-104.32244,-22.92316461,-43.45109396
1410321041,Fortaleza,CE,4,Sim,1,801,3.67,35796.74,4,624.1,176.8996918,-3.785866303,-38.52800282
5952027716,Fortaleza,CE,2,Sim,1,651,2,35796.74,2,555.21,95.79238684,-3.785866303,-38.52800282
5396494255,Rio de Janeiro,RJ,2,Sim,1,551,2,67371.97,2,555.87,-4.865815814,-22.92316461,-43.45109396
6398275016,Manaus,AM,2,Sim,1,726,2.33,61855.15,3,569.53,156.4706463,-2.625918589,-60.25963252
3902716049,São Paulo,SP,3,Sim,1,595,3.33,93156.23,4,611.52,-16.51745856,-23.65005094,-46.64809546
3973990640,Fortaleza,CE,2,Sim,1,641,2,35796.74,2,555.21,85.79238684,-3.785866303,-38.52800282
4840520544,Rio de Janeiro,RJ,4,Sim,1,826,3.67,67371.97,4,624.76,201.2414891,-22.92316461,-43.45109396
3650663910,Belo Horizonte,MG,0,Não,0,462,0.33,56227.29,1,486.74,-24.7408039,-19.90269606,-43.9599942
6725199618,Rio de Janeiro,RJ,2,Sim,1,548,2.33,67371.97,3,569.64,-21.64435482,-22.92316461,-43.45109396
5275556130,Rio de Janeiro,RJ,4,Sim,1,709,7.67,67371.97,16,790.1,-81.10097899,-22.92316461,-43.45109396
5710189501,Belo Horizonte,MG,0,Sim,1,598,0.33,56227.29,0,486.74,111.2591961,-19.90269606,-43.9599942
6302747372,São Paulo,SP,3,Sim,1,669,7.33,93156.23,16,776.86,-107.8599267,-23.65005094,-46.64809546
4547933455,Manaus,AM,1,Sim,1,523,1,61855.15,1,514.42,8.584802363,-2.625918589,-60.25963252
5800266019,Belo Horizonte,MG,2,Sim,1,524,2.33,56227.29,3,569.41,-45.41203796,-19.90269606,-43.9599942
2312216906,Rio de Janeiro,RJ,0,Não,0,388,0.33,67371.97,1,486.97,-98.97312076,-22.92316461,-43.45109396
7728389947,Fortaleza,CE,1,Sim,1,429,0.67,35796.74,0,500.09,-71.09345712,-3.785866303,-38.52800282
8393451469,São Paulo,SP,0,Não,0,497,0.33,93156.23,1,487.51,9.489392533,-23.65005094,-46.64809546
2385247118,Fortaleza,CE,3,Sim,1,514,3,35796.74,3,596.54,-82.54323019,-3.785866303,-38.52800282
8827494424,Rio de Janeiro,RJ,1,Sim,1,431,1,67371.97,1,514.53,-83.53019878,-22.92316461,-43.45109396
5892818240,Rio de Janeiro,RJ,0,Sim,1,571,0.67,67371.97,1,500.75,70.24834023,-22.92316461,-43.45109396
2578548340,Manaus,AM,0,Sim,1,504,0.33,61855.15,0,486.86,17.14188038,-2.625918589,-60.25963252
5022018590,Rio de Janeiro,RJ,1,Não,0,228,0.67,67371.97,1,500.75,-272.7516598,-22.92316461,-43.45109396
8087559739,Belo Horizonte,MG,3,Sim,1,753,7.33,56227.29,16,776.09,-23.09012312,-19.90269606,-43.9599942
1249811585,Fortaleza,CE,0,Não,0,591,0,35796.74,0,472.54,118.4636209,-3.785866303,-38.52800282
1521344328,São Paulo,SP,2,Sim,1,602,2,93156.23,2,556.4,45.59669748,-23.65005094,-46.64809546
1999204964,Belo Horizonte,MG,0,Sim,1,337,0.33,56227.29,0,486.74,-149.7408039,-19.90269606,-43.9599942
5856364094,Belo Horizonte,MG,2,Sim,1,682,2.33,56227.29,3,569.41,112.587962,-19.90269606,-43.9599942
2521433058,Manaus,AM,4,Sim,1,636,7.67,61855.15,16,789.99,-153.9859778,-2.625918589,-60.25963252
7362324698,Manaus,AM,1,Não,0,315,0.33,61855.15,0,486.86,-171.8581196,-2.625918589,-60.25963252
6109700471,Manaus,AM,0,Sim,1,341,0.33,61855.15,0,486.86,-145.8581196,-2.625918589,-60.25963252
4442575697,Manaus,AM,3,Sim,1,744,3.33,61855.15,4,610.86,133.1350293,-2.625918589,-60.25963252
5841286141,Manaus,AM,3,Sim,1,694,7.33,61855.15,16,776.21,-82.20743883,-2.625918589,-60.25963252
2694262707,Belo Horizonte,MG,2,Sim,1,539,2,56227.29,2,555.63,-16.63349895,-19.90269606,-43.9599942
1571853424,Manaus,AM,3,Sim,1,701,2.67,61855.15,2,583.31,117.6921073,-2.625918589,-60.25963252
8029442759,Belo Horizonte,MG,1,Sim,1,370,0.67,56227.29,0,500.52,-130.5193429,-19.90269606,-43.9599942
2903843414,São Paulo,SP,2,Sim,1,591,2.33,93156.23,3,570.18,20.81815847,-23.65005094,-46.64809546
9895979927,São Paulo,SP,2,Sim,1,617,2,93156.23,2,556.4,60.59669748,-23.65005094,-46.64809546
7279014302,Fortaleza,CE,1,Sim,1,381,0.67,35796.74,0,500.09,-119.0934571,-3.785866303,-38.52800282
3360582916,Fortaleza,CE,2,Sim,1,503,2.33,35796.74,3,568.99,-65.98615217,-3.785866303,-38.52800282
5191848776,Rio de Janeiro,RJ,1,Sim,1,359,1,67371.97,1,514.53,-155.5301988,-22.92316461,-43.45109396
3277630329,São Paulo,SP,1,Não,0,419,0.67,93156.23,1,501.29,-82.28914648,-23.65005094,-46.64809546
7880029045,Rio de Janeiro,RJ,1,Sim,1,526,1,67371.97,1,514.53,11.46980122,-22.92316461,-43.45109396
6259684022,Belo Horizonte,MG,0,Não,0,457,0.33,56227.29,1,486.74,-29.7408039,-19.90269606,-43.9599942
1703016561,São Paulo,SP,1,Sim,1,442,0.67,93156.23,0,501.29,-59.28914648,-23.65005094,-46.64809546
2109955339,São Paulo,SP,3,Sim,1,587,2.67,93156.23,2,583.96,3.039619461,-23.65005094,-46.64809546
7272969364,São Paulo,SP,2,Sim,1,506,2,93156.23,2,556.4,-50.40330252,-23.65005094,-46.64809546
1707874257,Fortaleza,CE,0,Não,0,478,0.33,35796.74,1,486.31,-8.314918106,-3.785866303,-38.52800282
2775610133,Rio de Janeiro,RJ,1,Sim,1,644,0.67,67371.97,0,500.75,143.2483402,-22.92316461,-43.45109396
7691740857,Fortaleza,CE,0,Sim,1,546,0.33,35796.74,0,486.31,59.68508189,-3.785866303,-38.52800282
6171293674,São Paulo,SP,2,Sim,1,697,2,93156.23,2,556.4,140.5966975,-23.65005094,-46.64809546
8937304809,Fortaleza,CE,1,Sim,1,391,0.67,35796.74,0,500.09,-109.0934571,-3.785866303,-38.52800282
6164614669,Rio de Janeiro,RJ,3,Sim,1,796,7.33,67371.97,16,776.32,19.67756002,-22.92316461,-43.45109396
1535642809,Belo Horizonte,MG,0,Não,0,523,0,56227.29,0,472.96,50.03773511,-19.90269606,-43.9599942
7842073314,Belo Horizonte,MG,1,Sim,1,491,1,56227.29,1,514.3,-23.29788192,-19.90269606,-43.9599942
1399391763,Manaus,AM,1,Não,0,389,0.67,61855.15,1,500.64,-111.6366586,-2.625918589,-60.25963252
8401967106,São Paulo,SP,2,Sim,1,620,2.33,93156.23,3,570.18,49.81815847,-23.65005094,-46.64809546
7869237405,Belo Horizonte,MG,3,Sim,1,554,3,56227.29,3,596.97,-42.96911599,-19.90269606,-43.9599942
9920897389,Rio de Janeiro,RJ,3,Sim,1,646,3,67371.97,3,597.2,48.79856716,-22.92316461,-43.45109396
6890212670,Belo Horizonte,MG,2,Sim,1,544,2.33,56227.29,3,569.41,-25.41203796,-19.90269606,-43.9599942
5007691259,Belo Horizonte,MG,0,Sim,1,389,0.67,56227.29,1,500.52,-111.5193429,-19.90269606,-43.9599942
7819417487,Belo Horizonte,MG,2,Sim,1,566,2,56227.29,2,555.63,10.36650105,-19.90269606,-43.9599942
4007559274,Manaus,AM,1,Não,0,471,0.33,61855.15,0,486.86,-15.85811962,-2.625918589,-60.25963252
9043315186,Manaus,AM,3,Sim,1,468,2.67,61855.15,2,583.31,-115.3078927,-2.625918589,-60.25963252
2869085588,Manaus,AM,4,Sim,1,636,3.67,61855.15,4,624.64,11.35649028,-2.625918589,-60.25963252
4350989591,Rio de Janeiro,RJ,0,Sim,1,230,0.33,67371.97,0,486.97,-256.9731208,-22.92316461,-43.45109396
4227131422,São Paulo,SP,1,Não,0,455,0.33,93156.23,0,487.51,-32.51060747,-23.65005094,-46.64809546
7137022430,Manaus,AM,1,Não,0,525,0.67,61855.15,1,500.64,24.36334137,-2.625918589,-60.25963252
3094102316,Rio de Janeiro,RJ,4,Sim,1,814,7.67,67371.97,16,790.1,23.89902101,-22.92316461,-43.45109396
9961125445,Manaus,AM,2,Sim,1,772,2,61855.15,2,555.75,216.2491853,-2.625918589,-60.25963252
1224445865,Rio de Janeiro,RJ,3,Sim,1,648,2.67,67371.97,2,583.42,64.57710617,-22.92316461,-43.45109396
3809658498,São Paulo,SP,3,Sim,1,654,2.67,93156.23,2,583.96,70.03961946,-23.65005094,-46.64809546
3613604735,Rio de Janeiro,RJ,0,Não,0,394,0,67371.97,0,473.19,-79.19458175,-22.92316461,-43.45109396
7030039067,São Paulo,SP,2,Sim,1,596,2,93156.23,2,556.4,39.59669748,-23.65005094,-46.64809546
3334478864,Rio de Janeiro,RJ,3,Sim,1,502,2.67,67371.97,2,583.42,-81.42289383,-22.92316461,-43.45109396
8147632661,Rio de Janeiro,RJ,2,Sim,1,654,2,67371.97,2,555.87,98.13418419,-22.92316461,-43.45109396
4218149030,São Paulo,SP,3,Sim,1,553,3,93156.23,3,597.74,-44.73891955,-23.65005094,-46.64809546
1864850879,Belo Horizonte,MG,1,Sim,1,465,0.67,56227.29,0,500.52,-35.51934291,-19.90269606,-43.9599942
5372043406,Manaus,AM,1,Sim,1,485,0.67,61855.15,0,500.64,-15.63665863,-2.625918589,-60.25963252
3405964455,Belo Horizonte,MG,3,Sim,1,709,3.33,56227.29,4,610.75,98.252345,-19.90269606,-43.9599942
5575018904,Rio de Janeiro,RJ,2,Sim,1,588,2,67371.97,2,555.87,32.13418419,-22.92316461,-43.45109396
6892405926,Belo Horizonte,MG,2,Sim,1,554,2.33,56227.29,3,569.41,-15.41203796,-19.90269606,-43.9599942
5142395698,Belo Horizonte,MG,3,Sim,1,567,2.67,56227.29,2,583.19,-16.19057697,-19.90269606,-43.9599942
2341529159,Belo Horizonte,MG,2,Sim,1,569,2.33,56227.29,3,569.41,-0.412037965,-19.90269606,-43.9599942
7217407291,São Paulo,SP,1,Sim,1,538,1,93156.23,1,515.07,22.93231451,-23.65005094,-46.64809546
5899318688,Fortaleza,CE,1,Não,0,512,0.33,35796.74,0,486.31,25.68508189,-3.785866303,-38.52800282
9451447149,Belo Horizonte,MG,1,Sim,1,461,1,56227.29,1,514.3,-53.29788192,-19.90269606,-43.9599942
4114648221,São Paulo,SP,2,Sim,1,722,2,93156.23,2,556.4,165.5966975,-23.65005094,-46.64809546
3404132376,Manaus,AM,1,Sim,1,419,1,61855.15,1,514.42,-95.41519764,-2.625918589,-60.25963252
4517850995,Manaus,AM,3,Sim,1,774,7.33,61855.15,16,776.21,-2.207438832,-2.625918589,-60.25963252
8823870894,Rio de Janeiro,RJ,1,Sim,1,353,1,67371.97,1,514.53,-161.5301988,-22.92316461,-43.45109396
6041267673,Rio de Janeiro,RJ,4,Sim,1,816,7.67,67371.97,16,790.1,25.89902101,-22.92316461,-43.45109396
6789364264,Manaus,AM,1,Sim,1,397,1,61855.15,1,514.42,-117.4151976,-2.625918589,-60.25963252
8464950032,Fortaleza,CE,3,Sim,1,658,3,35796.74,3,596.54,61.45676981,-3.785866303,-38.52800282
1542302931,Manaus,AM,3,Sim,1,690,7.33,61855.15,16,776.21,-86.20743883,-2.625918589,-60.25963252
3814416531,Fortaleza,CE,2,Sim,1,633,2.33,35796.74,3,568.99,64.01384783,-3.785866303,-38.52800282
7496802712,Belo Horizonte,MG,3,Sim,1,682,3.33,56227.29,4,610.75,71.252345,-19.90269606,-43.9599942
9175933411,Manaus,AM,0,Sim,1,363,0.33,61855.15,0,486.86,-123.8581196,-2.625918589,-60.25963252
8175740666,Belo Horizonte,MG,0,Não,0,335,0,56227.29,0,472.96,-137.9622649,-19.90269606,-43.9599942
1180494616,Belo Horizonte,MG,0,Sim,1,345,0.67,56227.29,1,500.52,-155.5193429,-19.90269606,-43.9599942
2255067730,Rio de Janeiro,RJ,4,Sim,1,797,7.67,67371.97,16,790.1,6.899021011,-22.92316461,-43.45109396
6233173623,Manaus,AM,3,Sim,1,769,3.33,61855.15,4,610.86,158.1350293,-2.625918589,-60.25963252
5493066504,Manaus,AM,2,Sim,1,608,2.33,61855.15,3,569.53,38.47064632,-2.625918589,-60.25963252
2288142778,São Paulo,SP,3,Sim,1,705,3.33,93156.23,4,611.52,93.48254144,-23.65005094,-46.64809546
2419091580,São Paulo,SP,1,Sim,1,532,1,93156.23,1,515.07,16.93231451,-23.65005094,-46.64809546
8970154033,Manaus,AM,4,Sim,1,747,7.67,61855.15,16,789.99,-42.98597784,-2.625918589,-60.25963252
4167820788,Manaus,AM,3,Sim,1,688,2.67,61855.15,2,583.31,104.6921073,-2.625918589,-60.25963252
7161542731,São Paulo,SP,0,Não,0,500,0,93156.23,0,473.73,26.26793154,-23.65005094,-46.64809546
3711445298,São Paulo,SP,0,Não,0,574,0.33,93156.23,1,487.51,86.48939253,-23.65005094,-46.64809546
8674034251,Fortaleza,CE,1,Não,0,438,0.33,35796.74,0,486.31,-48.31491811,-3.785866303,-38.52800282
3174396160,Manaus,AM,4,Sim,1,680,7.67,61855.15,16,789.99,-109.9859778,-2.625918589,-60.25963252
9467668416,São Paulo,SP,1,Sim,1,336,0.67,93156.23,0,501.29,-165.2891465,-23.65005094,-46.64809546
3037053267,São Paulo,SP,0,Não,0,466,0,93156.23,0,473.73,-7.732068456,-23.65005094,-46.64809546
7282901286,São Paulo,SP,1,Não,0,343,0.67,93156.23,1,501.29,-158.2891465,-23.65005094,-46.64809546
6555492202,Manaus,AM,3,Sim,1,563,3,61855.15,3,597.09,-34.0864317,-2.625918589,-60.25963252
1127424038,São Paulo,SP,0,Sim,1,528,0.33,93156.23,0,487.51,40.48939253,-23.65005094,-46.64809546
2694691328,Manaus,AM,2,Sim,1,728,2.33,61855.15,3,569.53,158.4706463,-2.625918589,-60.25963252
4085630041,Manaus,AM,2,Sim,1,553,2.33,61855.15,3,569.53,-16.52935368,-2.625918589,-60.25963252
9598970541,Belo Horizonte,MG,3,Sim,1,741,7.33,56227.29,16,776.09,-35.09012312,-19.90269606,-43.9599942
1519798418,Rio de Janeiro,RJ,1,Sim,1,410,1,67371.97,1,514.53,-104.5301988,-22.92316461,-43.45109396
5044681126,Belo Horizonte,MG,2,Sim,1,752,2,56227.29,2,555.63,196.366501,-19.90269606,-43.9599942
5891415090,Rio de Janeiro,RJ,0,Não,0,374,0,67371.97,0,473.19,-99.19458175,-22.92316461,-43.45109396
7571263580,São Paulo,SP,2,Sim,1,614,2.33,93156.23,3,570.18,43.81815847,-23.65005094,-46.64809546
1362462518,Rio de Janeiro,RJ,1,Não,0,400,0.67,67371.97,1,500.75,-100.7516598,-22.92316461,-43.45109396
4131776278,Manaus,AM,0,Sim,1,543,0.33,61855.15,0,486.86,56.14188038,-2.625918589,-60.25963252
4701155813,Belo Horizonte,MG,2,Sim,1,583,2,56227.29,2,555.63,27.36650105,-19.90269606,-43.9599942
2851067454,Rio de Janeiro,RJ,3,Sim,1,603,3,67371.97,3,597.2,5.798567155,-22.92316461,-43.45109396
5065806894,Rio de Janeiro,RJ,0,Não,0,432,0,67371.97,0,473.19,-41.19458175,-22.92316461,-43.45109396
9897934814,Belo Horizonte,MG,1,Não,0,494,0.67,56227.29,1,500.52,-6.519342913,-19.90269606,-43.9599942
8910141615,São Paulo,SP,3,Sim,1,716,2.67,93156.23,2,583.96,132.0396195,-23.65005094,-46.64809546
1603670380,Belo Horizonte,MG,2,Sim,1,612,2.33,56227.29,3,569.41,42.58796204,-19.90269606,-43.9599942
6993344562,Manaus,AM,1,Não,0,493,0.33,61855.15,0,486.86,6.141880383,-2.625918589,-60.25963252
9160795108,Rio de Janeiro,RJ,0,Sim,1,426,0.33,67371.97,0,486.97,-60.97312076,-22.92316461,-43.45109396
1378823452,Belo Horizonte,MG,1,Sim,1,545,0.67,56227.29,0,500.52,44.48065709,-19.90269606,-43.9599942
2655761004,Manaus,AM,3,Sim,1,608,3,61855.15,3,597.09,10.9135683,-2.625918589,-60.25963252
8846110561,Manaus,AM,2,Sim,1,641,2.33,61855.15,3,569.53,71.47064632,-2.625918589,-60.25963252
4154988130,Manaus,AM,0,Não,0,483,0,61855.15,0,473.08,9.920419394,-2.625918589,-60.25963252
3042454672,São Paulo,SP,2,Sim,1,681,2,93156.23,2,556.4,124.5966975,-23.65005094,-46.64809546
3573203297,Manaus,AM,2,Sim,1,631,2,61855.15,2,555.75,75.24918533,-2.625918589,-60.25963252
4411108816,Belo Horizonte,MG,0,Sim,1,601,0.67,56227.29,1,500.52,100.4806571,-19.90269606,-43.9599942
5934041104,Belo Horizonte,MG,3,Sim,1,611,3,56227.29,3,596.97,14.03088401,-19.90269606,-43.9599942
7405592291,Belo Horizonte,MG,3,Sim,1,662,3,56227.29,3,596.97,65.03088401,-19.90269606,-43.9599942
2555929586,Fortaleza,CE,0,Não,0,544,0.33,35796.74,1,486.31,57.68508189,-3.785866303,-38.52800282
3046480546,Fortaleza,CE,2,Sim,1,627,2,35796.74,2,555.21,71.79238684,-3.785866303,-38.52800282
4835793247,São Paulo,SP,0,Sim,1,397,0.33,93156.23,0,487.51,-90.51060747,-23.65005094,-46.64809546
6243061948,Fortaleza,CE,2,Sim,1,523,2,35796.74,2,555.21,-32.20761316,-3.785866303,-38.52800282
7559386505,Rio de Janeiro,RJ,3,Sim,1,577,2.67,67371.97,2,583.42,-6.422893835,-22.92316461,-43.45109396
4407601373,Belo Horizonte,MG,3,Sim,1,670,7.33,56227.29,16,776.09,-106.0901231,-19.90269606,-43.9599942
1385740263,Fortaleza,CE,4,Sim,1,788,7.67,35796.74,16,789.44,-1.442776332,-3.785866303,-38.52800282
4290442878,São Paulo,SP,1,Sim,1,501,0.67,93156.23,0,501.29,-0.289146477,-23.65005094,-46.64809546
4105903393,São Paulo,SP,3,Sim,1,716,7.33,93156.23,16,776.86,-60.85992668,-23.65005094,-46.64809546
3996840415,Fortaleza,CE,1,Sim,1,400,0.67,35796.74,0,500.09,-100.0934571,-3.785866303,-38.52800282
5625087399,Rio de Janeiro,RJ,0,Sim,1,449,0.33,67371.97,0,486.97,-37.97312076,-22.92316461,-43.45109396
5949217911,Rio de Janeiro,RJ,1,Não,0,330,0.33,67371.97,0,486.97,-156.9731208,-22.92316461,-43.45109396
3750823656,Fortaleza,CE,0,Sim,1,427,0.33,35796.74,0,486.31,-59.31491811,-3.785866303,-38.52800282
7244654153,São Paulo,SP,0,Sim,1,349,0.33,93156.23,0,487.51,-138.5106075,-23.65005094,-46.64809546
6334055949,Rio de Janeiro,RJ,4,Sim,1,604,7.67,67371.97,16,790.1,-186.100979,-22.92316461,-43.45109396
4937590330,Manaus,AM,4,Sim,1,712,7.67,61855.15,16,789.99,-77.98597784,-2.625918589,-60.25963252
5869755729,Rio de Janeiro,RJ,3,Sim,1,654,2.67,67371.97,2,583.42,70.57710617,-22.92316461,-43.45109396
8657998172,São Paulo,SP,2,Sim,1,674,2,93156.23,2,556.4,117.5966975,-23.65005094,-46.64809546
1269249878,Rio de Janeiro,RJ,3,Sim,1,532,3,67371.97,3,597.2,-65.20143284,-22.92316461,-43.45109396
2547192896,Manaus,AM,3,Sim,1,925,7.33,61855.15,16,776.21,148.7925612,-2.625918589,-60.25963252
2814127698,Fortaleza,CE,1,Não,0,441,0.33,35796.74,0,486.31,-45.31491811,-3.785866303,-38.52800282
2664938912,Belo Horizonte,MG,3,Sim,1,670,2.67,56227.29,2,583.19,86.80942303,-19.90269606,-43.9599942
5892465326,Belo Horizonte,MG,2,Sim,1,651,2.33,56227.29,3,569.41,81.58796204,-19.90269606,-43.9599942
2280124509,Manaus,AM,1,Não,0,394,0.67,61855.15,1,500.64,-106.6366586,-2.625918589,-60.25963252
5745114512,São Paulo,SP,0,Sim,1,492,0.33,93156.23,0,487.51,4.489392533,-23.65005094,-46.64809546
1224863099,Belo Horizonte,MG,3,Sim,1,720,3.33,56227.29,4,610.75,109.252345,-19.90269606,-43.9599942
6205474831,São Paulo,SP,0,Sim,1,534,0.33,93156.23,0,487.51,46.48939253,-23.65005094,-46.64809546
2268310177,São Paulo,SP,2,Sim,1,583,2,93156.23,2,556.4,26.59669748,-23.65005094,-46.64809546
3930000411,São Paulo,SP,1,Sim,1,387,0.67,93156.23,0,501.29,-114.2891465,-23.65005094,-46.64809546
1478941301,Belo Horizonte,MG,0,Sim,1,511,0.33,56227.29,0,486.74,24.2591961,-19.90269606,-43.9599942
5358074925,Rio de Janeiro,RJ,2,Sim,1,633,2,67371.97,2,555.87,77.13418419,-22.92316461,-43.45109396
4161956738,Rio de Janeiro,RJ,1,Sim,1,445,1,67371.97,1,514.53,-69.53019878,-22.92316461,-43.45109396
2993273514,São Paulo,SP,4,Sim,1,842,7.67,93156.23,16,790.64,51.36153431,-23.65005094,-46.64809546
5367756980,Belo Horizonte,MG,1,Não,0,415,0.33,56227.29,0,486.74,-71.7408039,-19.90269606,-43.9599942
6075531172,Rio de Janeiro,RJ,2,Sim,1,688,2.33,67371.97,3,569.64,118.3556452,-22.92316461,-43.45109396
3776519139,Rio de Janeiro,RJ,1,Sim,1,400,0.67,67371.97,0,500.75,-100.7516598,-22.92316461,-43.45109396
3349189279,Manaus,AM,3,Sim,1,743,3.33,61855.15,4,610.86,132.1350293,-2.625918589,-60.25963252
1980263400,São Paulo,SP,1,Não,0,479,0.33,93156.23,0,487.51,-8.510607467,-23.65005094,-46.64809546
7795534851,Manaus,AM,0,Sim,1,502,0.67,61855.15,1,500.64,1.363341373,-2.625918589,-60.25963252
6136063979,Belo Horizonte,MG,2,Sim,1,614,2,56227.29,2,555.63,58.36650105,-19.90269606,-43.9599942
4483750068,Rio de Janeiro,RJ,4,Sim,1,802,3.67,67371.97,4,624.76,177.2414891,-22.92316461,-43.45109396
6542674647,Belo Horizonte,MG,2,Sim,1,614,2,56227.29,2,555.63,58.36650105,-19.90269606,-43.9599942
5562128113,Belo Horizonte,MG,2,Sim,1,645,2,56227.29,2,555.63,89.36650105,-19.90269606,-43.9599942
7080136864,Belo Horizonte,MG,3,Sim,1,625,2.67,56227.29,2,583.19,41.80942303,-19.90269606,-43.9599942
8213914388,Rio de Janeiro,RJ,0,Não,0,468,0.33,67371.97,1,486.97,-18.97312076,-22.92316461,-43.45109396
9778483421,Rio de Janeiro,RJ,2,Sim,1,642,2.33,67371.97,3,569.64,72.35564518,-22.92316461,-43.45109396
1588406480,Fortaleza,CE,1,Não,0,425,0.33,35796.74,0,486.31,-61.31491811,-3.785866303,-38.52800282
7539258301,São Paulo,SP,1,Sim,1,507,0.67,93156.23,0,501.29,5.710853523,-23.65005094,-46.64809546
9903817526,São Paulo,SP,0,Sim,1,394,0.33,93156.23,0,487.51,-93.51060747,-23.65005094,-46.64809546
9448426913,São Paulo,SP,4,Sim,1,835,3.67,93156.23,4,625.3,209.7040024,-23.65005094,-46.64809546
8046388544,Manaus,AM,4,Sim,1,848,7.67,61855.15,16,789.99,58.01402216,-2.625918589,-60.25963252
7885108779,Belo Horizonte,MG,2,Sim,1,592,2.33,56227.29,3,569.41,22.58796204,-19.90269606,-43.9599942
1953808599,São Paulo,SP,3,Sim,1,690,7.33,93156.23,16,776.86,-86.85992668,-23.65005094,-46.64809546
1508964873,Fortaleza,CE,0,Sim,1,497,0.33,35796.74,0,486.31,10.68508189,-3.785866303,-38.52800282
3068238662,Belo Horizonte,MG,0,Sim,1,352,0.67,56227.29,1,500.52,-148.5193429,-19.90269606,-43.9599942
6828790989,Manaus,AM,0,Sim,1,331,0.33,61855.15,0,486.86,-155.8581196,-2.625918589,-60.25963252
9170043136,São Paulo,SP,2,Sim,1,611,2.33,93156.23,3,570.18,40.81815847,-23.65005094,-46.64809546
1752571792,Fortaleza,CE,3,Sim,1,533,2.67,35796.74,2,582.76,-49.76469118,-3.785866303,-38.52800282
3219202658,Rio de Janeiro,RJ,2,Sim,1,684,2,67371.97,2,555.87,128.1341842,-22.92316461,-43.45109396
4277525453,Manaus,AM,0,Sim,1,422,0.33,61855.15,0,486.86,-64.85811962,-2.625918589,-60.25963252
6174061683,Belo Horizonte,MG,3,Sim,1,677,7.33,56227.29,16,776.09,-99.09012312,-19.90269606,-43.9599942
5600589816,Fortaleza,CE,3,Sim,1,546,3,35796.74,3,596.54,-50.54323019,-3.785866303,-38.52800282
9998184302,Fortaleza,CE,0,Sim,1,494,0.33,35796.74,0,486.31,7.685081894,-3.785866303,-38.52800282
9056856504,Manaus,AM,3,Sim,1,642,2.67,61855.15,2,583.31,58.69210731,-2.625918589,-60.25963252
2682871134,São Paulo,SP,3,Sim,1,637,3,93156.23,3,597.74,39.26108045,-23.65005094,-46.64809546
5529620324,São Paulo,SP,3,Sim,1,571,3,93156.23,3,597.74,-26.73891955,-23.65005094,-46.64809546
5338306132,São Paulo,SP,3,Sim,1,647,3.33,93156.23,4,611.52,35.48254144,-23.65005094,-46.64809546
4643959236,Fortaleza,CE,1,Não,0,400,0.67,35796.74,1,500.09,-100.0934571,-3.785866303,-38.52800282
8808365412,Manaus,AM,3,Sim,1,679,3,61855.15,3,597.09,81.9135683,-2.625918589,-60.25963252
3329895221,São Paulo,SP,0,Sim,1,506,0.33,93156.23,0,487.51,18.48939253,-23.65005094,-46.64809546
8341477065,Manaus,AM,0,Sim,1,320,0.67,61855.15,1,500.64,-180.6366586,-2.625918589,-60.25963252
1440302693,Rio de Janeiro,RJ,3,Sim,1,620,2.67,67371.97,2,583.42,36.57710617,-22.92316461,-43.45109396
2927639934,São Paulo,SP,2,Sim,1,652,2,93156.23,2,556.4,95.59669748,-23.65005094,-46.64809546
8425917094,Fortaleza,CE,3,Sim,1,801,3.33,35796.74,4,610.32,190.6782308,-3.785866303,-38.52800282
9812823208,Manaus,AM,4,Sim,1,685,3.67,61855.15,4,624.64,60.35649028,-2.625918589,-60.25963252
2339961168,Belo Horizonte,MG,3,Sim,1,641,3.33,56227.29,4,610.75,30.252345,-19.90269606,-43.9599942
1108204882,Fortaleza,CE,3,Sim,1,578,3,35796.74,3,596.54,-18.54323019,-3.785866303,-38.52800282
4509538642,Rio de Janeiro,RJ,2,Sim,1,633,2.33,67371.97,3,569.64,63.35564518,-22.92316461,-43.45109396
3168080576,São Paulo,SP,2,Sim,1,595,2.33,93156.23,3,570.18,24.81815847,-23.65005094,-46.64809546
1675483283,Manaus,AM,3,Sim,1,574,7.33,61855.15,16,776.21,-202.2074388,-2.625918589,-60.25963252
8184204658,Belo Horizonte,MG,3,Sim,1,547,3,56227.29,3,596.97,-49.96911599,-19.90269606,-43.9599942
9642147537,Fortaleza,CE,3,Sim,1,730,3.33,35796.74,4,610.32,119.6782308,-3.785866303,-38.52800282
1085021707,Belo Horizonte,MG,2,Sim,1,529,2.33,56227.29,3,569.41,-40.41203796,-19.90269606,-43.9599942
4146918456,Fortaleza,CE,2,Sim,1,521,2.33,35796.74,3,568.99,-47.98615217,-3.785866303,-38.52800282
5655398961,Belo Horizonte,MG,3,Sim,1,755,3,56227.29,3,596.97,158.030884,-19.90269606,-43.9599942
3756228236,Manaus,AM,0,Não,0,407,0.33,61855.15,1,486.86,-79.85811962,-2.625918589,-60.25963252
8649319126,Belo Horizonte,MG,2,Sim,1,731,2,56227.29,2,555.63,175.366501,-19.90269606,-43.9599942
1049309063,Belo Horizonte,MG,0,Sim,1,420,0.67,56227.29,1,500.52,-80.51934291,-19.90269606,-43.9599942
9463991301,Rio de Janeiro,RJ,2,Sim,1,641,2.33,67371.97,3,569.64,71.35564518,-22.92316461,-43.45109396
1878065584,São Paulo,SP,3,Sim,1,613,3,93156.23,3,597.74,15.26108045,-23.65005094,-46.64809546
7369607000,Fortaleza,CE,2,Sim,1,669,2,35796.74,2,555.21,113.7923868,-3.785866303,-38.52800282
9920558886,Rio de Janeiro,RJ,2,Sim,1,719,2.33,67371.97,3,569.64,149.3556452,-22.92316461,-43.45109396
8283394707,Fortaleza,CE,1,Não,0,593,0.67,35796.74,1,500.09,92.90654288,-3.785866303,-38.52800282
7230650952,Rio de Janeiro,RJ,1,Sim,1,567,1,67371.97,1,514.53,52.46980122,-22.92316461,-43.45109396
9014819740,São Paulo,SP,2,Sim,1,782,2.33,93156.23,3,570.18,211.8181585,-23.65005094,-46.64809546
7980201315,Fortaleza,CE,2,Sim,1,531,2.33,35796.74,3,568.99,-37.98615217,-3.785866303,-38.52800282
3503648323,Rio de Janeiro,RJ,1,Sim,1,465,0.67,67371.97,0,500.75,-35.75165977,-22.92316461,-43.45109396
3651064365,Fortaleza,CE,3,Sim,1,787,7.33,35796.74,16,775.66,11.33576268,-3.785866303,-38.52800282
5732594832,Rio de Janeiro,RJ,3,Sim,1,745,3,67371.97,3,597.2,147.7985672,-22.92316461,-43.45109396
3202143098,Rio de Janeiro,RJ,0,Sim,1,458,0.33,67371.97,0,486.97,-28.97312076,-22.92316461,-43.45109396
2039476905,São Paulo,SP,3,Sim,1,533,2.67,93156.23,2,583.96,-50.96038054,-23.65005094,-46.64809546
1920868856,São Paulo,SP,4,Sim,1,781,3.67,93156.23,4,625.3,155.7040024,-23.65005094,-46.64809546
8442033602,Manaus,AM,1,Não,0,496,0.67,61855.15,1,500.64,-4.636658627,-2.625918589,-60.25963252
8485619008,Rio de Janeiro,RJ,1,Sim,1,352,0.67,67371.97,0,500.75,-148.7516598,-22.92316461,-43.45109396
7131047120,Fortaleza,CE,3,Sim,1,622,2.67,35796.74,2,582.76,39.23530882,-3.785866303,-38.52800282
3862437000,São Paulo,SP,1,Sim,1,521,1,93156.23,1,515.07,5.932314513,-23.65005094,-46.64809546
4752611385,Rio de Janeiro,RJ,3,Sim,1,676,2.67,67371.97,2,583.42,92.57710617,-22.92316461,-43.45109396
9864839771,Rio de Janeiro,RJ,3,Sim,1,528,3,67371.97,3,597.2,-69.20143284,-22.92316461,-43.45109396
1863712460,Rio de Janeiro,RJ,4,Sim,1,732,7.67,67371.97,16,790.1,-58.10097899,-22.92316461,-43.45109396
4283247926,Manaus,AM,3,Sim,1,456,3,61855.15,3,597.09,-141.0864317,-2.625918589,-60.25963252
4968665189,Fortaleza,CE,2,Sim,1,587,2.33,35796.74,3,568.99,18.01384783,-3.785866303,-38.52800282
9081799622,Manaus,AM,2,Sim,1,587,2.33,61855.15,3,569.53,17.47064632,-2.625918589,-60.25963252
1034206848,Fortaleza,CE,3,Sim,1,643,7.33,35796.74,16,775.66,-132.6642373,-3.785866303,-38.52800282
9919082873,Rio de Janeiro,RJ,2,Sim,1,543,2,67371.97,2,555.87,-12.86581581,-22.92316461,-43.45109396
9219658783,Belo Horizonte,MG,3,Sim,1,774,3.33,56227.29,4,610.75,163.252345,-19.90269606,-43.9599942
1440526036,Rio de Janeiro,RJ,0,Não,0,508,0.33,67371.97,1,486.97,21.02687924,-22.92316461,-43.45109396
7535219624,Manaus,AM,0,Sim,1,493,0.33,61855.15,0,486.86,6.141880383,-2.625918589,-60.25963252
1688764188,São Paulo,SP,0,Sim,1,527,0.67,93156.23,1,501.29,25.71085352,-23.65005094,-46.64809546
1709891472,Manaus,AM,3,Sim,1,659,3,61855.15,3,597.09,61.9135683,-2.625918589,-60.25963252
7620132085,Manaus,AM,3,Sim,1,642,3,61855.15,3,597.09,44.9135683,-2.625918589,-60.25963252
6816551049,São Paulo,SP,0,Sim,1,549,0.67,93156.23,1,501.29,47.71085352,-23.65005094,-46.64809546
6011930790,Rio de Janeiro,RJ,2,Sim,1,756,2.33,67371.97,3,569.64,186.3556452,-22.92316461,-43.45109396
2785740462,Fortaleza,CE,1,Sim,1,502,1,35796.74,1,513.87,-11.87199613,-3.785866303,-38.52800282
1874743708,Fortaleza,CE,3,Sim,1,639,2.67,35796.74,2,582.76,56.23530882,-3.785866303,-38.52800282
3287087535,Rio de Janeiro,RJ,1,Sim,1,470,0.67,67371.97,0,500.75,-30.75165977,-22.92316461,-43.45109396
7495213584,Manaus,AM,0,Não,0,484,0,61855.15,0,473.08,10.92041939,-2.625918589,-60.25963252
5086412390,Manaus,AM,0,Não,0,436,0,61855.15,0,473.08,-37.07958061,-2.625918589,-60.25963252
3699071092,São Paulo,SP,3,Sim,1,725,3.33,93156.23,4,611.52,113.4825414,-23.65005094,-46.64809546
4140980533,Fortaleza,CE,3,Sim,1,632,3,35796.74,3,596.54,35.45676981,-3.785866303,-38.52800282
3083465714,São Paulo,SP,3,Sim,1,750,3,93156.23,3,597.74,152.2610805,-23.65005094,-46.64809546
7032576424,Belo Horizonte,MG,0,Sim,1,452,0.33,56227.29,0,486.74,-34.7408039,-19.90269606,-43.9599942
9168057266,Manaus,AM,3,Sim,1,691,2.67,61855.15,2,583.31,107.6921073,-2.625918589,-60.25963252
4191510887,Rio de Janeiro,RJ,1,Não,0,411,0.67,67371.97,1,500.75,-89.75165977,-22.92316461,-43.45109396
3401141370,Rio de Janeiro,RJ,2,Sim,1,626,2.33,67371.97,3,569.64,56.35564518,-22.92316461,-43.45109396
6903348355,Rio de Janeiro,RJ,0,Não,0,600,0,67371.97,0,473.19,126.8054182,-22.92316461,-43.45109396
8136879677,Rio de Janeiro,RJ,0,Não,0,437,0.33,67371.97,1,486.97,-49.97312076,-22.92316461,-43.45109396
3507030777,São Paulo,SP,1,Não,0,556,0.33,93156.23,0,487.51,68.48939253,-23.65005094,-46.64809546
8516097436,Rio de Janeiro,RJ,2,Sim,1,830,2,67371.97,2,555.87,274.1341842,-22.92316461,-43.45109396
3326353652,Rio de Janeiro,RJ,3,Sim,1,647,3.33,67371.97,4,610.98,36.02002814,-22.92316461,-43.45109396
2037237287,Rio de Janeiro,RJ,3,Sim,1,641,2.67,67371.97,2,583.42,57.57710617,-22.92316461,-43.45109396
3511130329,Manaus,AM,1,Sim,1,387,1,61855.15,1,514.42,-127.4151976,-2.625918589,-60.25963252
2167999359,Rio de Janeiro,RJ,3,Sim,1,731,3,67371.97,3,597.2,133.7985672,-22.92316461,-43.45109396
3270854109,São Paulo,SP,0,Sim,1,394,0.67,93156.23,1,501.29,-107.2891465,-23.65005094,-46.64809546
8138102246,Rio de Janeiro,RJ,1,Sim,1,411,0.67,67371.97,0,500.75,-89.75165977,-22.92316461,-43.45109396
8673853911,Manaus,AM,4,Sim,1,750,7.67,61855.15,16,789.99,-39.98597784,-2.625918589,-60.25963252
5439606341,Belo Horizonte,MG,0,Sim,1,416,0.67,56227.29,1,500.52,-84.51934291,-19.90269606,-43.9599942
3706000699,Manaus,AM,3,Sim,1,737,3.33,61855.15,4,610.86,126.1350293,-2.625918589,-60.25963252
2874407878,São Paulo,SP,4,Sim,1,708,3.67,93156.23,4,625.3,82.70400243,-23.65005094,-46.64809546
8330812796,Manaus,AM,4,Sim,1,790,7.67,61855.15,16,789.99,0.014022157,-2.625918589,-60.25963252
1558692208,Rio de Janeiro,RJ,0,Sim,1,508,0.33,67371.97,0,486.97,21.02687924,-22.92316461,-43.45109396
9648769437,Fortaleza,CE,0,Sim,1,546,0.33,35796.74,0,486.31,59.68508189,-3.785866303,-38.52800282
4274064863,Fortaleza,CE,1,Sim,1,355,0.67,35796.74,0,500.09,-145.0934571,-3.785866303,-38.52800282
2728015484,Belo Horizonte,MG,1,Sim,1,590,0.67,56227.29,0,500.52,89.48065709,-19.90269606,-43.9599942
8333214281,Manaus,AM,2,Sim,1,750,2,61855.15,2,555.75,194.2491853,-2.625918589,-60.25963252
6890487265,Manaus,AM,1,Sim,1,489,1,61855.15,1,514.42,-25.41519764,-2.625918589,-60.25963252
8084586883,Fortaleza,CE,3,Sim,1,441,2.67,35796.74,2,582.76,-141.7646912,-3.785866303,-38.52800282
5524095178,São Paulo,SP,2,Sim,1,685,2.33,93156.23,3,570.18,114.8181585,-23.65005094,-46.64809546
1299791541,Fortaleza,CE,0,Sim,1,431,0.33,35796.74,0,486.31,-55.31491811,-3.785866303,-38.52800282
1770328206,Rio de Janeiro,RJ,3,Sim,1,504,2.67,67371.97,2,583.42,-79.42289383,-22.92316461,-43.45109396
8240028691,Rio de Janeiro,RJ,0,Sim,1,638,0.67,67371.97,1,500.75,137.2483402,-22.92316461,-43.45109396
1660097996,Fortaleza,CE,3,Sim,1,704,3,35796.74,3,596.54,107.4567698,-3.785866303,-38.52800282
8312784019,Rio de Janeiro,RJ,3,Sim,1,753,7.33,67371.97,16,776.32,-23.32243998,-22.92316461,-43.45109396
7858102506,Manaus,AM,2,Sim,1,644,2.33,61855.15,3,569.53,74.47064632,-2.625918589,-60.25963252
8263699408,Fortaleza,CE,3,Sim,1,582,3,35796.74,3,596.54,-14.54323019,-3.785866303,-38.52800282
5844452205,São Paulo,SP,2,Sim,1,568,2,93156.23,2,556.4,11.59669748,-23.65005094,-46.64809546
6609448348,Belo Horizonte,MG,4,Sim,1,714,7.67,56227.29,16,789.87,-75.86866213,-19.90269606,-43.9599942
6280085793,Fortaleza,CE,3,Sim,1,555,3,35796.74,3,596.54,-41.54323019,-3.785866303,-38.52800282
4261136509,Rio de Janeiro,RJ,0,Sim,1,456,0.33,67371.97,0,486.97,-30.97312076,-22.92316461,-43.45109396
8003291839,São Paulo,SP,4,Sim,1,648,7.67,93156.23,16,790.64,-142.6384657,-23.65005094,-46.64809546
1268713951,Belo Horizonte,MG,3,Sim,1,669,7.33,56227.29,16,776.09,-107.0901231,-19.90269606,-43.9599942
8856844830,Belo Horizonte,MG,1,Não,0,505,0.67,56227.29,1,500.52,4.480657087,-19.90269606,-43.9599942
9943291536,Manaus,AM,3,Sim,1,467,3,61855.15,3,597.09,-130.0864317,-2.625918589,-60.25963252
4071702454,São Paulo,SP,3,Sim,1,600,2.67,93156.23,2,583.96,16.03961946,-23.65005094,-46.64809546
4703133582,São Paulo,SP,1,Sim,1,409,0.67,93156.23,0,501.29,-92.28914648,-23.65005094,-46.64809546
4286338591,Rio de Janeiro,RJ,0,Sim,1,437,0.33,67371.97,0,486.97,-49.97312076,-22.92316461,-43.45109396
3115568062,Fortaleza,CE,3,Sim,1,677,2.67,35796.74,2,582.76,94.23530882,-3.785866303,-38.52800282
5824247183,Belo Horizonte,MG,3,Sim,1,567,2.67,56227.29,2,583.19,-16.19057697,-19.90269606,-43.9599942
5086424400,São Paulo,SP,2,Sim,1,452,2.33,93156.23,3,570.18,-118.1818415,-23.65005094,-46.64809546
9029896973,São Paulo,SP,0,Sim,1,361,0.33,93156.23,0,487.51,-126.5106075,-23.65005094,-46.64809546
2196762845,São Paulo,SP,3,Sim,1,662,2.67,93156.23,2,583.96,78.03961946,-23.65005094,-46.64809546
7888487519,Fortaleza,CE,1,Sim,1,371,0.67,35796.74,0,500.09,-129.0934571,-3.785866303,-38.52800282
4418477822,Fortaleza,CE,3,Sim,1,747,7.33,35796.74,16,775.66,-28.66423732,-3.785866303,-38.52800282
7528668372,Manaus,AM,0,Não,0,431,0,61855.15,0,473.08,-42.07958061,-2.625918589,-60.25963252
1996671824,Belo Horizonte,MG,1,Sim,1,503,0.67,56227.29,0,500.52,2.480657087,-19.90269606,-43.9599942
2262501783,Belo Horizonte,MG,2,Sim,1,676,2,56227.29,2,555.63,120.366501,-19.90269606,-43.9599942
3010341286,Manaus,AM,4,Sim,1,727,7.67,61855.15,16,789.99,-62.98597784,-2.625918589,-60.25963252
8560964853,Manaus,AM,2,Sim,1,765,2,61855.15,2,555.75,209.2491853,-2.625918589,-60.25963252
7338030929,Manaus,AM,3,Sim,1,497,2.67,61855.15,2,583.31,-86.30789269,-2.625918589,-60.25963252
3192927655,Manaus,AM,2,Sim,1,666,2.33,61855.15,3,569.53,96.47064632,-2.625918589,-60.25963252
4663529784,Belo Horizonte,MG,2,Sim,1,519,2,56227.29,2,555.63,-36.63349895,-19.90269606,-43.9599942
1479288269,Belo Horizonte,MG,3,Sim,1,747,3.33,56227.29,4,610.75,136.252345,-19.90269606,-43.9599942
1905299424,Fortaleza,CE,3,Sim,1,768,7.33,35796.74,16,775.66,-7.664237322,-3.785866303,-38.52800282
6866434901,Rio de Janeiro,RJ,3,Sim,1,617,2.67,67371.97,2,583.42,33.57710617,-22.92316461,-43.45109396
5129578098,São Paulo,SP,0,Não,0,563,0,93156.23,0,473.73,89.26793154,-23.65005094,-46.64809546
3806260741,Rio de Janeiro,RJ,2,Sim,1,516,2,67371.97,2,555.87,-39.86581581,-22.92316461,-43.45109396
6486669017,Rio de Janeiro,RJ,2,Sim,1,701,2,67371.97,2,555.87,145.1341842,-22.92316461,-43.45109396
2489863907,São Paulo,SP,0,Não,0,372,0.33,93156.23,1,487.51,-115.5106075,-23.65005094,-46.64809546
5017875390,Fortaleza,CE,4,Sim,1,627,7.67,35796.74,16,789.44,-162.4427763,-3.785866303,-38.52800282
2030746478,Belo Horizonte,MG,1,Sim,1,485,1,56227.29,1,514.3,-29.29788192,-19.90269606,-43.9599942
5316556183,Manaus,AM,2,Sim,1,518,2.33,61855.15,3,569.53,-51.52935368,-2.625918589,-60.25963252
9828758479,Rio de Janeiro,RJ,4,Sim,1,714,7.67,67371.97,16,790.1,-76.10097899,-22.92316461,-43.45109396
8972028374,São Paulo,SP,2,Sim,1,728,2.33,93156.23,3,570.18,157.8181585,-23.65005094,-46.64809546
2890034933,Rio de Janeiro,RJ,4,Sim,1,689,3.67,67371.97,4,624.76,64.24148913,-22.92316461,-43.45109396
4156482493,Rio de Janeiro,RJ,2,Sim,1,570,2.33,67371.97,3,569.64,0.355645176,-22.92316461,-43.45109396
5883762029,Manaus,AM,2,Sim,1,500,2.33,61855.15,3,569.53,-69.52935368,-2.625918589,-60.25963252
9170801776,Manaus,AM,2,Sim,1,768,2.33,61855.15,3,569.53,198.4706463,-2.625918589,-60.25963252
5749603476,Fortaleza,CE,0,Sim,1,481,0.33,35796.74,0,486.31,-5.314918106,-3.785866303,-38.52800282
7772550892,Fortaleza,CE,2,Sim,1,711,2.33,35796.74,3,568.99,142.0138478,-3.785866303,-38.52800282
3512892773,Manaus,AM,2,Sim,1,731,2.33,61855.15,3,569.53,161.4706463,-2.625918589,-60.25963252
3439431034,Belo Horizonte,MG,3,Sim,1,658,2.67,56227.29,2,583.19,74.80942303,-19.90269606,-43.9599942
7147102676,Manaus,AM,1,Sim,1,414,1,61855.15,1,514.42,-100.4151976,-2.625918589,-60.25963252
3636982382,Belo Horizonte,MG,0,Não,0,426,0,56227.29,0,472.96,-46.96226489,-19.90269606,-43.9599942
4200521550,São Paulo,SP,1,Não,0,452,0.33,93156.23,0,487.51,-35.51060747,-23.65005094,-46.64809546
2409520144,Manaus,AM,2,Sim,1,716,2.33,61855.15,3,569.53,146.4706463,-2.625918589,-60.25963252
4611675397,Rio de Janeiro,RJ,0,Não,0,356,0.33,67371.97,1,486.97,-130.9731208,-22.92316461,-43.45109396
2971922672,Manaus,AM,2,Sim,1,631,2,61855.15,2,555.75,75.24918533,-2.625918589,-60.25963252
8232151344,Manaus,AM,1,Sim,1,606,1,61855.15,1,514.42,91.58480236,-2.625918589,-60.25963252
9466028689,Manaus,AM,1,Sim,1,345,1,61855.15,1,514.42,-169.4151976,-2.625918589,-60.25963252
1961997702,Belo Horizonte,MG,3,Sim,1,532,3,56227.29,3,596.97,-64.96911599,-19.90269606,-43.9599942
9919801168,Fortaleza,CE,3,Sim,1,593,2.67,35796.74,2,582.76,10.23530882,-3.785866303,-38.52800282
2881954684,Fortaleza,CE,0,Sim,1,350,0.67,35796.74,1,500.09,-150.0934571,-3.785866303,-38.52800282
8197604665,São Paulo,SP,2,Sim,1,553,2.33,93156.23,3,570.18,-17.18184153,-23.65005094,-46.64809546
9715155151,Manaus,AM,1,Não,0,364,0.33,61855.15,0,486.86,-122.8581196,-2.625918589,-60.25963252
9101089031,Manaus,AM,3,Sim,1,586,2.67,61855.15,2,583.31,2.692107311,-2.625918589,-60.25963252
2227070415,Belo Horizonte,MG,3,Sim,1,847,7.33,56227.29,16,776.09,70.90987688,-19.90269606,-43.9599942
8836045482,Rio de Janeiro,RJ,0,Não,0,415,0,67371.97,0,473.19,-58.19458175,-22.92316461,-43.45109396
2852426733,Manaus,AM,3,Sim,1,630,3,61855.15,3,597.09,32.9135683,-2.625918589,-60.25963252
4872269513,Rio de Janeiro,RJ,4,Sim,1,700,7.67,67371.97,16,790.1,-90.10097899,-22.92316461,-43.45109396
5322365066,Belo Horizonte,MG,0,Sim,1,540,0.67,56227.29,1,500.52,39.48065709,-19.90269606,-43.9599942
2718898643,Belo Horizonte,MG,0,Sim,1,546,0.33,56227.29,0,486.74,59.2591961,-19.90269606,-43.9599942
3592136507,Fortaleza,CE,2,Sim,1,595,2.33,35796.74,3,568.99,26.01384783,-3.785866303,-38.52800282
8629109528,Rio de Janeiro,RJ,0,Não,0,350,0,67371.97,0,473.19,-123.1945818,-22.92316461,-43.45109396
9151696077,Belo Horizonte,MG,1,Sim,1,535,1,56227.29,1,514.3,20.70211808,-19.90269606,-43.9599942
6299185762,São Paulo,SP,1,Não,0,548,0.33,93156.23,0,487.51,60.48939253,-23.65005094,-46.64809546
9276042705,Fortaleza,CE,1,Sim,1,307,0.67,35796.74,0,500.09,-193.0934571,-3.785866303,-38.52800282
4381736811,Manaus,AM,3,Sim,1,715,3,61855.15,3,597.09,117.9135683,-2.625918589,-60.25963252
3431874947,Fortaleza,CE,1,Sim,1,463,1,35796.74,1,513.87,-50.87199613,-3.785866303,-38.52800282
9807144423,Fortaleza,CE,2,Sim,1,645,2,35796.74,2,555.21,89.79238684,-3.785866303,-38.52800282
1952546366,Belo Horizonte,MG,2,Sim,1,553,2.33,56227.29,3,569.41,-16.41203796,-19.90269606,-43.9599942
6744322396,Manaus,AM,1,Não,0,403,0.67,61855.15,1,500.64,-97.63665863,-2.625918589,-60.25963252
9810239980,Belo Horizonte,MG,1,Não,0,489,0.33,56227.29,0,486.74,2.259196097,-19.90269606,-43.9599942
6190847508,Manaus,AM,0,Sim,1,501,0.67,61855.15,1,500.64,0.363341373,-2.625918589,-60.25963252
6783425854,Manaus,AM,2,Sim,1,517,2.33,61855.15,3,569.53,-52.52935368,-2.625918589,-60.25963252
2058794922,Rio de Janeiro,RJ,1,Não,0,319,0.67,67371.97,1,500.75,-181.7516598,-22.92316461,-43.45109396
1987815654,Manaus,AM,1,Não,0,484,0.67,61855.15,1,500.64,-16.63665863,-2.625918589,-60.25963252
3343257375,Belo Horizonte,MG,3,Sim,1,545,2.67,56227.29,2,583.19,-38.19057697,-19.90269606,-43.9599942
8178053561,Belo Horizonte,MG,1,Sim,1,455,0.67,56227.29,0,500.52,-45.51934291,-19.90269606,-43.9599942
3177902420,Belo Horizonte,MG,3,Sim,1,692,7.33,56227.29,16,776.09,-84.09012312,-19.90269606,-43.9599942
7131007617,Manaus,AM,2,Sim,1,733,2,61855.15,2,555.75,177.2491853,-2.625918589,-60.25963252
4347998723,Manaus,AM,2,Sim,1,698,2.33,61855.15,3,569.53,128.4706463,-2.625918589,-60.25963252
4822148832,Rio de Janeiro,RJ,2,Sim,1,497,2.33,67371.97,3,569.64,-72.64435482,-22.92316461,-43.45109396
9012529431,Belo Horizonte,MG,3,Sim,1,607,2.67,56227.29,2,583.19,23.80942303,-19.90269606,-43.9599942
1580164802,Belo Horizonte,MG,0,Sim,1,554,0.67,56227.29,1,500.52,53.48065709,-19.90269606,-43.9599942
7766116155,São Paulo,SP,4,Sim,1,635,3.67,93156.23,4,625.3,9.704002431,-23.65005094,-46.64809546
3839577591,Belo Horizonte,MG,1,Não,0,395,0.33,56227.29,0,486.74,-91.7408039,-19.90269606,-43.9599942
4648344531,Manaus,AM,3,Sim,1,666,2.67,61855.15,2,583.31,82.69210731,-2.625918589,-60.25963252
7846787160,Rio de Janeiro,RJ,1,Não,0,443,0.33,67371.97,0,486.97,-43.97312076,-22.92316461,-43.45109396
7126334272,Belo Horizonte,MG,1,Sim,1,502,1,56227.29,1,514.3,-12.29788192,-19.90269606,-43.9599942
7003866817,Fortaleza,CE,3,Sim,1,739,3,35796.74,3,596.54,142.4567698,-3.785866303,-38.52800282
8731827361,Manaus,AM,0,Sim,1,616,0.67,61855.15,1,500.64,115.3633414,-2.625918589,-60.25963252
8665527422,Rio de Janeiro,RJ,3,Sim,1,658,3,67371.97,3,597.2,60.79856716,-22.92316461,-43.45109396
6565522114,São Paulo,SP,1,Sim,1,483,0.67,93156.23,0,501.29,-18.28914648,-23.65005094,-46.64809546
7194917094,Manaus,AM,0,Sim,1,553,0.33,61855.15,0,486.86,66.14188038,-2.625918589,-60.25963252
2978561845,Manaus,AM,0,Não,0,360,0.33,61855.15,1,486.86,-126.8581196,-2.625918589,-60.25963252
1058557684,Belo Horizonte,MG,2,Sim,1,536,2,56227.29,2,555.63,-19.63349895,-19.90269606,-43.9599942
5112996602,Fortaleza,CE,0,Sim,1,568,0.67,35796.74,1,500.09,67.90654288,-3.785866303,-38.52800282
8783589374,Belo Horizonte,MG,2,Sim,1,437,2,56227.29,2,555.63,-118.633499,-19.90269606,-43.9599942
2352564435,Manaus,AM,3,Sim,1,800,3.33,61855.15,4,610.86,189.1350293,-2.625918589,-60.25963252
1376453173,Belo Horizonte,MG,0,Sim,1,562,0.33,56227.29,0,486.74,75.2591961,-19.90269606,-43.9599942
8183363996,Rio de Janeiro,RJ,2,Sim,1,637,2,67371.97,2,555.87,81.13418419,-22.92316461,-43.45109396
2102704915,Belo Horizonte,MG,3,Sim,1,652,2.67,56227.29,2,583.19,68.80942303,-19.90269606,-43.9599942
3893526924,Fortaleza,CE,2,Sim,1,638,2,35796.74,2,555.21,82.79238684,-3.785866303,-38.52800282
4650547541,Belo Horizonte,MG,3,Sim,1,550,3,56227.29,3,596.97,-46.96911599,-19.90269606,-43.9599942
3325185435,Rio de Janeiro,RJ,3,Sim,1,552,2.67,67371.97,2,583.42,-31.42289383,-22.92316461,-43.45109396
9876382646,São Paulo,SP,1,Não,0,512,0.33,93156.23,0,487.51,24.48939253,-23.65005094,-46.64809546
6378638765,Fortaleza,CE,3,Sim,1,628,7.33,35796.74,16,775.66,-147.6642373,-3.785866303,-38.52800282
9133101486,Belo Horizonte,MG,1,Sim,1,571,1,56227.29,1,514.3,56.70211808,-19.90269606,-43.9599942
7684964717,Manaus,AM,4,Sim,1,622,7.67,61855.15,16,789.99,-167.9859778,-2.625918589,-60.25963252
5188366092,Belo Horizonte,MG,0,Não,0,521,0,56227.29,0,472.96,48.03773511,-19.90269606,-43.9599942
7065695242,São Paulo,SP,3,Sim,1,810,7.33,93156.23,16,776.86,33.14007332,-23.65005094,-46.64809546
8798670232,Belo Horizonte,MG,3,Sim,1,715,3.33,56227.29,4,610.75,104.252345,-19.90269606,-43.9599942
6818514845,Belo Horizonte,MG,1,Sim,1,420,0.67,56227.29,0,500.52,-80.51934291,-19.90269606,-43.9599942
9590735717,Belo Horizonte,MG,3,Sim,1,736,2.67,56227.29,2,583.19,152.809423,-19.90269606,-43.9599942
5099829457,Belo Horizonte,MG,0,Sim,1,370,0.67,56227.29,1,500.52,-130.5193429,-19.90269606,-43.9599942
1477637937,São Paulo,SP,0,Sim,1,325,0.67,93156.23,1,501.29,-176.2891465,-23.65005094,-46.64809546
5546503385,São Paulo,SP,1,Não,0,378,0.67,93156.23,1,501.29,-123.2891465,-23.65005094,-46.64809546
1423459004,Belo Horizonte,MG,3,Sim,1,462,3,56227.29,3,596.97,-134.969116,-19.90269606,-43.9599942
2702149777,Fortaleza,CE,0,Sim,1,533,0.67,35796.74,1,500.09,32.90654288,-3.785866303,-38.52800282
3249117222,Belo Horizonte,MG,0,Não,0,556,0.33,56227.29,1,486.74,69.2591961,-19.90269606,-43.9599942
6484970676,Fortaleza,CE,3,Sim,1,635,3,35796.74,3,596.54,38.45676981,-3.785866303,-38.52800282
2692801413,Manaus,AM,1,Sim,1,494,1,61855.15,1,514.42,-20.41519764,-2.625918589,-60.25963252
5389740698,Manaus,AM,0,Não,0,257,0.33,61855.15,1,486.86,-229.8581196,-2.625918589,-60.25963252
2204028576,São Paulo,SP,3,Sim,1,575,7.33,93156.23,16,776.86,-201.8599267,-23.65005094,-46.64809546
5840841489,Rio de Janeiro,RJ,3,Sim,1,679,2.67,67371.97,2,583.42,95.57710617,-22.92316461,-43.45109396
7195822496,Fortaleza,CE,1,Sim,1,425,1,35796.74,1,513.87,-88.87199613,-3.785866303,-38.52800282
3162717793,Fortaleza,CE,4,Sim,1,767,7.67,35796.74,16,789.44,-22.44277633,-3.785866303,-38.52800282
8663963160,Manaus,AM,1,Sim,1,435,1,61855.15,1,514.42,-79.41519764,-2.625918589,-60.25963252
1090284985,Fortaleza,CE,3,Sim,1,727,7.33,35796.74,16,775.66,-48.66423732,-3.785866303,-38.52800282
4280033321,Manaus,AM,3,Sim,1,793,3.33,61855.15,4,610.86,182.1350293,-2.625918589,-60.25963252
1053004410,Fortaleza,CE,2,Sim,1,569,2,35796.74,2,555.21,13.79238684,-3.785866303,-38.52800282
6948970379,Fortaleza,CE,0,Não,0,482,0.33,35796.74,1,486.31,-4.314918106,-3.785866303,-38.52800282
5919140691,Fortaleza,CE,3,Sim,1,530,7.33,35796.74,16,775.66,-245.6642373,-3.785866303,-38.52800282
3396049211,Belo Horizonte,MG,0,Sim,1,418,0.33,56227.29,0,486.74,-68.7408039,-19.90269606,-43.9599942
2419020553,Rio de Janeiro,RJ,0,Sim,1,434,0.67,67371.97,1,500.75,-66.75165977,-22.92316461,-43.45109396
1331517912,Fortaleza,CE,3,Sim,1,661,3,35796.74,3,596.54,64.45676981,-3.785866303,-38.52800282
5075840938,São Paulo,SP,0,Sim,1,519,0.33,93156.23,0,487.51,31.48939253,-23.65005094,-46.64809546
8182859578,São Paulo,SP,0,Sim,1,370,0.33,93156.23,0,487.51,-117.5106075,-23.65005094,-46.64809546
1095427651,São Paulo,SP,3,Sim,1,751,3,93156.23,3,597.74,153.2610805,-23.65005094,-46.64809546
7401255852,São Paulo,SP,1,Sim,1,433,0.67,93156.23,0,501.29,-68.28914648,-23.65005094,-46.64809546
6720838318,Rio de Janeiro,RJ,3,Sim,1,592,3,67371.97,3,597.2,-5.201432845,-22.92316461,-43.45109396
3951911961,Belo Horizonte,MG,0,Não,0,463,0.33,56227.29,1,486.74,-23.7408039,-19.90269606,-43.9599942
6071892118,Belo Horizonte,MG,2,Sim,1,614,2,56227.29,2,555.63,58.36650105,-19.90269606,-43.9599942
9881877683,Fortaleza,CE,1,Sim,1,396,0.67,35796.74,0,500.09,-104.0934571,-3.785866303,-38.52800282
7526682454,Fortaleza,CE,2,Sim,1,643,2.33,35796.74,3,568.99,74.01384783,-3.785866303,-38.52800282
5342549319,Belo Horizonte,MG,4,Sim,1,839,7.67,56227.29,16,789.87,49.13133787,-19.90269606,-43.9599942
3550268394,Fortaleza,CE,3,Sim,1,516,3,35796.74,3,596.54,-80.54323019,-3.785866303,-38.52800282
1853899878,Rio de Janeiro,RJ,2,Sim,1,777,2,67371.97,2,555.87,221.1341842,-22.92316461,-43.45109396
3436925548,Rio de Janeiro,RJ,1,Não,0,587,0.33,67371.97,0,486.97,100.0268792,-22.92316461,-43.45109396
2892101296,São Paulo,SP,3,Sim,1,578,3,93156.23,3,597.74,-19.73891955,-23.65005094,-46.64809546
5322731505,Manaus,AM,0,Não,0,411,0.33,61855.15,1,486.86,-75.85811962,-2.625918589,-60.25963252
5687135621,São Paulo,SP,2,Sim,1,615,2,93156.23,2,556.4,58.59669748,-23.65005094,-46.64809546
8363352511,Fortaleza,CE,0,Não,0,431,0,35796.74,0,472.54,-41.5363791,-3.785866303,-38.52800282
1843077603,São Paulo,SP,0,Não,0,456,0.33,93156.23,1,487.51,-31.51060747,-23.65005094,-46.64809546
4479615378,Fortaleza,CE,3,Sim,1,466,3,35796.74,3,596.54,-130.5432302,-3.785866303,-38.52800282
3457249408,Fortaleza,CE,2,Sim,1,534,2.33,35796.74,3,568.99,-34.98615217,-3.785866303,-38.52800282
3384281468,Belo Horizonte,MG,3,Sim,1,571,3,56227.29,3,596.97,-25.96911599,-19.90269606,-43.9599942
8613563913,Manaus,AM,3,Sim,1,490,3,61855.15,3,597.09,-107.0864317,-2.625918589,-60.25963252
4430200456,Belo Horizonte,MG,0,Sim,1,467,0.33,56227.29,0,486.74,-19.7408039,-19.90269606,-43.9599942
9099938926,Rio de Janeiro,RJ,3,Sim,1,768,7.33,67371.97,16,776.32,-8.322439979,-22.92316461,-43.45109396
4778507783,Rio de Janeiro,RJ,2,Sim,1,625,2,67371.97,2,555.87,69.13418419,-22.92316461,-43.45109396
1003991818,Fortaleza,CE,1,Sim,1,422,1,35796.74,1,513.87,-91.87199613,-3.785866303,-38.52800282
4264198963,Manaus,AM,1,Não,0,430,0.33,61855.15,0,486.86,-56.85811962,-2.625918589,-60.25963252
5013835414,Rio de Janeiro,RJ,2,Sim,1,486,2.33,67371.97,3,569.64,-83.64435482,-22.92316461,-43.45109396
6706113811,Manaus,AM,2,Sim,1,498,2,61855.15,2,555.75,-57.75081467,-2.625918589,-60.25963252
7764833638,Belo Horizonte,MG,1,Sim,1,571,0.67,56227.29,0,500.52,70.48065709,-19.90269606,-43.9599942
9619203515,Fortaleza,CE,0,Sim,1,524,0.67,35796.74,1,500.09,23.90654288,-3.785866303,-38.52800282
2590135107,Fortaleza,CE,3,Sim,1,559,3,35796.74,3,596.54,-37.54323019,-3.785866303,-38.52800282
8050483299,Fortaleza,CE,3,Sim,1,814,3.33,35796.74,4,610.32,203.6782308,-3.785866303,-38.52800282
5763177191,Fortaleza,CE,2,Sim,1,581,2.33,35796.74,3,568.99,12.01384783,-3.785866303,-38.52800282
6470493219,São Paulo,SP,0,Sim,1,660,0.33,93156.23,0,487.51,172.4893925,-23.65005094,-46.64809546
8226456348,São Paulo,SP,3,Sim,1,698,7.33,93156.23,16,776.86,-78.85992668,-23.65005094,-46.64809546
5568491291,Fortaleza,CE,3,Sim,1,597,2.67,35796.74,2,582.76,14.23530882,-3.785866303,-38.52800282
8139583159,Fortaleza,CE,1,Sim,1,428,0.67,35796.74,0,500.09,-72.09345712,-3.785866303,-38.52800282
4186770110,Fortaleza,CE,3,Sim,1,785,3.33,35796.74,4,610.32,174.6782308,-3.785866303,-38.52800282
1230359655,Belo Horizonte,MG,3,Sim,1,605,2.67,56227.29,2,583.19,21.80942303,-19.90269606,-43.9599942
1812589745,São Paulo,SP,3,Sim,1,726,7.33,93156.23,16,776.86,-50.85992668,-23.65005094,-46.64809546
2979543266,Belo Horizonte,MG,2,Sim,1,548,2,56227.29,2,555.63,-7.633498954,-19.90269606,-43.9599942
7046360625,Manaus,AM,3,Sim,1,538,3.33,61855.15,4,610.86,-72.86497071,-2.625918589,-60.25963252
1568172385,Rio de Janeiro,RJ,0,Sim,1,418,0.67,67371.97,1,500.75,-82.75165977,-22.92316461,-43.45109396
6392928846,Belo Horizonte,MG,3,Sim,1,718,2.67,56227.29,2,583.19,134.809423,-19.90269606,-43.9599942
7187608565,Belo Horizonte,MG,3,Sim,1,569,2.67,56227.29,2,583.19,-14.19057697,-19.90269606,-43.9599942
5610063568,Manaus,AM,3,Sim,1,606,3,61855.15,3,597.09,8.913568301,-2.625918589,-60.25963252
3009960787,Manaus,AM,3,Sim,1,721,3,61855.15,3,597.09,123.9135683,-2.625918589,-60.25963252
7854983045,Fortaleza,CE,4,Sim,1,699,7.67,35796.74,16,789.44,-90.44277633,-3.785866303,-38.52800282
3451401892,São Paulo,SP,3,Sim,1,700,3.33,93156.23,4,611.52,88.48254144,-23.65005094,-46.64809546
8483088149,São Paulo,SP,1,Sim,1,352,0.67,93156.23,0,501.29,-149.2891465,-23.65005094,-46.64809546
8399303494,Rio de Janeiro,RJ,0,Não,0,450,0.33,67371.97,1,486.97,-36.97312076,-22.92316461,-43.45109396
4218558390,Belo Horizonte,MG,2,Sim,1,669,2.33,56227.29,3,569.41,99.58796204,-19.90269606,-43.9599942
5526167638,Belo Horizonte,MG,4,Sim,1,662,7.67,56227.29,16,789.87,-127.8686621,-19.90269606,-43.9599942
3948554922,São Paulo,SP,1,Não,0,534,0.67,93156.23,1,501.29,32.71085352,-23.65005094,-46.64809546
9726181661,Manaus,AM,3,Sim,1,593,2.67,61855.15,2,583.31,9.692107311,-2.625918589,-60.25963252
6362717141,Fortaleza,CE,4,Sim,1,850,7.67,35796.74,16,789.44,60.55722367,-3.785866303,-38.52800282
3296351193,Rio de Janeiro,RJ,2,Sim,1,496,2.33,67371.97,3,569.64,-73.64435482,-22.92316461,-43.45109396
6330764016,Fortaleza,CE,1,Não,0,418,0.67,35796.74,1,500.09,-82.09345712,-3.785866303,-38.52800282
9853753528,São Paulo,SP,0,Não,0,407,0,93156.23,0,473.73,-66.73206846,-23.65005094,-46.64809546
4167151602,Manaus,AM,4,Sim,1,596,7.67,61855.15,16,789.99,-193.9859778,-2.625918589,-60.25963252
5553640047,São Paulo,SP,2,Sim,1,700,2,93156.23,2,556.4,143.5966975,-23.65005094,-46.64809546
1183565184,Fortaleza,CE,2,Sim,1,514,2,35796.74,2,555.21,-41.20761316,-3.785866303,-38.52800282
5103618738,Belo Horizonte,MG,3,Sim,1,866,7.33,56227.29,16,776.09,89.90987688,-19.90269606,-43.9599942
7493047631,Belo Horizonte,MG,3,Sim,1,596,3,56227.29,3,596.97,-0.969115985,-19.90269606,-43.9599942
9651701520,Belo Horizonte,MG,3,Sim,1,558,3,56227.29,3,596.97,-38.96911599,-19.90269606,-43.9599942
6129365937,Rio de Janeiro,RJ,1,Sim,1,388,1,67371.97,1,514.53,-126.5301988,-22.92316461,-43.45109396
8470963487,Manaus,AM,3,Sim,1,749,3,61855.15,3,597.09,151.9135683,-2.625918589,-60.25963252
7071007276,Manaus,AM,3,Sim,1,534,2.67,61855.15,2,583.31,-49.30789269,-2.625918589,-60.25963252
8450516576,São Paulo,SP,0,Sim,1,504,0.67,93156.23,1,501.29,2.710853523,-23.65005094,-46.64809546
6933997686,Manaus,AM,2,Sim,1,599,2.33,61855.15,3,569.53,29.47064632,-2.625918589,-60.25963252
7228915808,Manaus,AM,0,Não,0,482,0,61855.15,0,473.08,8.920419394,-2.625918589,-60.25963252
2347344653,Rio de Janeiro,RJ,3,Sim,1,798,3.33,67371.97,4,610.98,187.0200281,-22.92316461,-43.45109396
8253385885,Belo Horizonte,MG,3,Sim,1,574,2.67,56227.29,2,583.19,-9.190576975,-19.90269606,-43.9599942
8834010266,São Paulo,SP,2,Sim,1,704,2,93156.23,2,556.4,147.5966975,-23.65005094,-46.64809546
6919429246,Belo Horizonte,MG,0,Sim,1,563,0.67,56227.29,1,500.52,62.48065709,-19.90269606,-43.9599942
9963902580,Rio de Janeiro,RJ,0,Sim,1,371,0.67,67371.97,1,500.75,-129.7516598,-22.92316461,-43.45109396
1994710231,São Paulo,SP,1,Não,0,375,0.67,93156.23,1,501.29,-126.2891465,-23.65005094,-46.64809546
6178847399,São Paulo,SP,0,Sim,1,456,0.33,93156.23,0,487.51,-31.51060747,-23.65005094,-46.64809546
4765027728,Rio de Janeiro,RJ,3,Sim,1,572,2.67,67371.97,2,583.42,-11.42289383,-22.92316461,-43.45109396
8558385072,Manaus,AM,2,Sim,1,575,2,61855.15,2,555.75,19.24918533,-2.625918589,-60.25963252
9824061547,Manaus,AM,0,Sim,1,337,0.67,61855.15,1,500.64,-163.6366586,-2.625918589,-60.25963252
9424796251,Fortaleza,CE,0,Sim,1,444,0.67,35796.74,1,500.09,-56.09345712,-3.785866303,-38.52800282
9234399712,São Paulo,SP,2,Sim,1,621,2,93156.23,2,556.4,64.59669748,-23.65005094,-46.64809546
4644158518,São Paulo,SP,2,Sim,1,677,2.33,93156.23,3,570.18,106.8181585,-23.65005094,-46.64809546
7633986915,Rio de Janeiro,RJ,1,Sim,1,494,1,67371.97,1,514.53,-20.53019878,-22.92316461,-43.45109396
7800743623,São Paulo,SP,1,Sim,1,490,1,93156.23,1,515.07,-25.06768549,-23.65005094,-46.64809546
7638713642,Manaus,AM,3,Sim,1,628,3,61855.15,3,597.09,30.9135683,-2.625918589,-60.25963252
2699852185,São Paulo,SP,3,Sim,1,536,2.67,93156.23,2,583.96,-47.96038054,-23.65005094,-46.64809546
4856688267,Fortaleza,CE,3,Sim,1,613,3,35796.74,3,596.54,16.45676981,-3.785866303,-38.52800282
9492369352,Rio de Janeiro,RJ,3,Sim,1,653,2.67,67371.97,2,583.42,69.57710617,-22.92316461,-43.45109396
8969531391,Manaus,AM,3,Sim,1,614,3,61855.15,3,597.09,16.9135683,-2.625918589,-60.25963252
4854292159,Rio de Janeiro,RJ,4,Sim,1,761,7.67,67371.97,16,790.1,-29.10097899,-22.92316461,-43.45109396
6694373236,Belo Horizonte,MG,1,Sim,1,412,1,56227.29,1,514.3,-102.2978819,-19.90269606,-43.9599942
8472675396,Fortaleza,CE,0,Não,0,268,0,35796.74,0,472.54,-204.5363791,-3.785866303,-38.52800282
2230395333,Manaus,AM,2,Sim,1,660,2,61855.15,2,555.75,104.2491853,-2.625918589,-60.25963252
6433482742,Rio de Janeiro,RJ,2,Sim,1,459,2,67371.97,2,555.87,-96.86581581,-22.92316461,-43.45109396
7580847137,Rio de Janeiro,RJ,3,Sim,1,700,7.33,67371.97,16,776.32,-76.32243998,-22.92316461,-43.45109396
6009028492,Fortaleza,CE,3,Sim,1,553,2.67,35796.74,2,582.76,-29.76469118,-3.785866303,-38.52800282
1533037074,Rio de Janeiro,RJ,0,Sim,1,466,0.67,67371.97,1,500.75,-34.75165977,-22.92316461,-43.45109396
3587585406,Rio de Janeiro,RJ,0,Sim,1,469,0.33,67371.97,0,486.97,-17.97312076,-22.92316461,-43.45109396
4126788835,Belo Horizonte,MG,3,Sim,1,654,3,56227.29,3,596.97,57.03088401,-19.90269606,-43.9599942
8515993841,Belo Horizonte,MG,0,Sim,1,416,0.67,56227.29,1,500.52,-84.51934291,-19.90269606,-43.9599942
9301603494,Manaus,AM,4,Sim,1,710,7.67,61855.15,16,789.99,-79.98597784,-2.625918589,-60.25963252
9765744573,São Paulo,SP,1,Não,0,528,0.67,93156.23,1,501.29,26.71085352,-23.65005094,-46.64809546
9956737801,Rio de Janeiro,RJ,1,Não,0,365,0.33,67371.97,0,486.97,-121.9731208,-22.92316461,-43.45109396
5616642487,Manaus,AM,1,Sim,1,560,0.67,61855.15,0,500.64,59.36334137,-2.625918589,-60.25963252
8851099128,Belo Horizonte,MG,1,Não,0,381,0.67,56227.29,1,500.52,-119.5193429,-19.90269606,-43.9599942
9783858239,Rio de Janeiro,RJ,3,Sim,1,625,3,67371.97,3,597.2,27.79856716,-22.92316461,-43.45109396
2689045220,São Paulo,SP,3,Sim,1,725,7.33,93156.23,16,776.86,-51.85992668,-23.65005094,-46.64809546
6870354091,Rio de Janeiro,RJ,1,Não,0,415,0.67,67371.97,1,500.75,-85.75165977,-22.92316461,-43.45109396
7720077017,Manaus,AM,0,Sim,1,482,0.67,61855.15,1,500.64,-18.63665863,-2.625918589,-60.25963252
6024077519,São Paulo,SP,1,Sim,1,541,0.67,93156.23,0,501.29,39.71085352,-23.65005094,-46.64809546
9215416888,São Paulo,SP,0,Não,0,361,0.33,93156.23,1,487.51,-126.5106075,-23.65005094,-46.64809546
7505768185,Manaus,AM,1,Sim,1,473,0.67,61855.15,0,500.64,-27.63665863,-2.625918589,-60.25963252
6914110540,Belo Horizonte,MG,4,Sim,1,763,7.67,56227.29,16,789.87,-26.86866213,-19.90269606,-43.9599942
8586403515,Manaus,AM,1,Não,0,522,0.67,61855.15,1,500.64,21.36334137,-2.625918589,-60.25963252
1824442314,São Paulo,SP,2,Sim,1,630,2,93156.23,2,556.4,73.59669748,-23.65005094,-46.64809546
7331460160,Manaus,AM,1,Sim,1,524,0.67,61855.15,0,500.64,23.36334137,-2.625918589,-60.25963252
2933924180,Belo Horizonte,MG,0,Não,0,366,0.33,56227.29,1,486.74,-120.7408039,-19.90269606,-43.9599942
8598059708,Fortaleza,CE,3,Sim,1,721,3.33,35796.74,4,610.32,110.6782308,-3.785866303,-38.52800282
5442848664,Belo Horizonte,MG,3,Sim,1,525,3.33,56227.29,4,610.75,-85.747655,-19.90269606,-43.9599942
6097831649,Belo Horizonte,MG,0,Não,0,471,0.33,56227.29,1,486.74,-15.7408039,-19.90269606,-43.9599942
6855775309,Manaus,AM,3,Sim,1,597,2.67,61855.15,2,583.31,13.69210731,-2.625918589,-60.25963252
5434343594,Manaus,AM,0,Sim,1,388,0.67,61855.15,1,500.64,-112.6366586,-2.625918589,-60.25963252
6509435698,São Paulo,SP,0,Não,0,379,0,93156.23,0,473.73,-94.73206846,-23.65005094,-46.64809546
4652887860,Rio de Janeiro,RJ,3,Sim,1,593,3.33,67371.97,4,610.98,-17.97997186,-22.92316461,-43.45109396
2401106422,Rio de Janeiro,RJ,2,Sim,1,661,2.33,67371.97,3,569.64,91.35564518,-22.92316461,-43.45109396
9264846671,Manaus,AM,3,Sim,1,484,2.67,61855.15,2,583.31,-99.30789269,-2.625918589,-60.25963252
2717913967,Belo Horizonte,MG,1,Não,0,603,0.67,56227.29,1,500.52,102.4806571,-19.90269606,-43.9599942
5627754115,Rio de Janeiro,RJ,2,Sim,1,673,2.33,67371.97,3,569.64,103.3556452,-22.92316461,-43.45109396
3970915287,São Paulo,SP,0,Não,0,483,0.33,93156.23,1,487.51,-4.510607467,-23.65005094,-46.64809546
4080616315,Fortaleza,CE,3,Sim,1,581,2.67,35796.74,2,582.76,-1.764691178,-3.785866303,-38.52800282
8254719856,Rio de Janeiro,RJ,2,Sim,1,548,2,67371.97,2,555.87,-7.865815814,-22.92316461,-43.45109396
1267168851,Manaus,AM,3,Sim,1,607,2.67,61855.15,2,583.31,23.69210731,-2.625918589,-60.25963252
4684471116,Belo Horizonte,MG,0,Sim,1,555,0.33,56227.29,0,486.74,68.2591961,-19.90269606,-43.9599942
9630923000,Belo Horizonte,MG,0,Sim,1,585,0.67,56227.29,1,500.52,84.48065709,-19.90269606,-43.9599942
1769503180,Belo Horizonte,MG,1,Sim,1,454,0.67,56227.29,0,500.52,-46.51934291,-19.90269606,-43.9599942
4289379869,Rio de Janeiro,RJ,3,Sim,1,558,3,67371.97,3,597.2,-39.20143284,-22.92316461,-43.45109396
7303812062,Manaus,AM,0,Não,0,514,0,61855.15,0,473.08,40.92041939,-2.625918589,-60.25963252
7912775159,Fortaleza,CE,1,Não,0,449,0.67,35796.74,1,500.09,-51.09345712,-3.785866303,-38.52800282
4839415168,São Paulo,SP,2,Sim,1,604,2,93156.23,2,556.4,47.59669748,-23.65005094,-46.64809546
9806862195,Belo Horizonte,MG,4,Sim,1,849,7.67,56227.29,16,789.87,59.13133787,-19.90269606,-43.9599942
1613382775,Belo Horizonte,MG,3,Sim,1,449,2.67,56227.29,2,583.19,-134.190577,-19.90269606,-43.9599942
2684774114,São Paulo,SP,0,Sim,1,434,0.67,93156.23,1,501.29,-67.28914648,-23.65005094,-46.64809546
3192409573,São Paulo,SP,2,Sim,1,755,2,93156.23,2,556.4,198.5966975,-23.65005094,-46.64809546
4481859393,Fortaleza,CE,0,Sim,1,440,0.33,35796.74,0,486.31,-46.31491811,-3.785866303,-38.52800282
9342421818,Fortaleza,CE,4,Sim,1,704,3.67,35796.74,4,624.1,79.89969179,-3.785866303,-38.52800282
1915438404,Rio de Janeiro,RJ,2,Sim,1,611,2.33,67371.97,3,569.64,41.35564518,-22.92316461,-43.45109396
1239259011,Rio de Janeiro,RJ,0,Sim,1,660,0.33,67371.97,0,486.97,173.0268792,-22.92316461,-43.45109396
9548209720,São Paulo,SP,1,Não,0,456,0.67,93156.23,1,501.29,-45.28914648,-23.65005094,-46.64809546
9648611094,Fortaleza,CE,3,Sim,1,484,2.67,35796.74,2,582.76,-98.76469118,-3.785866303,-38.52800282
4478832203,Belo Horizonte,MG,1,Não,0,365,0.67,56227.29,1,500.52,-135.5193429,-19.90269606,-43.9599942
6076922470,Belo Horizonte,MG,0,Sim,1,227,0.33,56227.29,0,486.74,-259.7408039,-19.90269606,-43.9599942
3444723164,Fortaleza,CE,2,Sim,1,657,2,35796.74,2,555.21,101.7923868,-3.785866303,-38.52800282
8129617569,Rio de Janeiro,RJ,3,Sim,1,669,7.33,67371.97,16,776.32,-107.32244,-22.92316461,-43.45109396
3207421837,Fortaleza,CE,0,Não,0,440,0,35796.74,0,472.54,-32.5363791,-3.785866303,-38.52800282
7554523882,Belo Horizonte,MG,3,Sim,1,566,2.67,56227.29,2,583.19,-17.19057697,-19.90269606,-43.9599942
2518155776,Belo Horizonte,MG,1,Sim,1,399,0.67,56227.29,0,500.52,-101.5193429,-19.90269606,-43.9599942
6624128869,São Paulo,SP,0,Sim,1,466,0.67,93156.23,1,501.29,-35.28914648,-23.65005094,-46.64809546
8672236048,Rio de Janeiro,RJ,3,Sim,1,737,3,67371.97,3,597.2,139.7985672,-22.92316461,-43.45109396
9970375670,Belo Horizonte,MG,2,Sim,1,590,2,56227.29,2,555.63,34.36650105,-19.90269606,-43.9599942
6993275809,Rio de Janeiro,RJ,2,Sim,1,609,2.33,67371.97,3,569.64,39.35564518,-22.92316461,-43.45109396
2977098225,Belo Horizonte,MG,3,Sim,1,641,3,56227.29,3,596.97,44.03088401,-19.90269606,-43.9599942
3663888390,Rio de Janeiro,RJ,1,Sim,1,446,0.67,67371.97,0,500.75,-54.75165977,-22.92316461,-43.45109396
2164547123,Manaus,AM,3,Sim,1,576,3,61855.15,3,597.09,-21.0864317,-2.625918589,-60.25963252
9488816131,Rio de Janeiro,RJ,0,Não,0,350,0,67371.97,0,473.19,-123.1945818,-22.92316461,-43.45109396
1292218023,Fortaleza,CE,2,Sim,1,539,2.33,35796.74,3,568.99,-29.98615217,-3.785866303,-38.52800282
8923630925,Belo Horizonte,MG,3,Sim,1,718,2.67,56227.29,2,583.19,134.809423,-19.90269606,-43.9599942
5264659713,Manaus,AM,1,Não,0,458,0.33,61855.15,0,486.86,-28.85811962,-2.625918589,-60.25963252
3976069715,Belo Horizonte,MG,1,Sim,1,451,0.67,56227.29,0,500.52,-49.51934291,-19.90269606,-43.9599942
2704197176,Manaus,AM,0,Sim,1,493,0.33,61855.15,0,486.86,6.141880383,-2.625918589,-60.25963252
9113195846,Manaus,AM,0,Sim,1,584,0.67,61855.15,1,500.64,83.36334137,-2.625918589,-60.25963252
7204628546,Manaus,AM,3,Sim,1,452,3,61855.15,3,597.09,-145.0864317,-2.625918589,-60.25963252
4726752138,São Paulo,SP,0,Não,0,453,0.33,93156.23,1,487.51,-34.51060747,-23.65005094,-46.64809546
4583397724,Manaus,AM,1,Não,0,587,0.67,61855.15,1,500.64,86.36334137,-2.625918589,-60.25963252
5661192053,São Paulo,SP,2,Sim,1,609,2,93156.23,2,556.4,52.59669748,-23.65005094,-46.64809546
5919951522,Manaus,AM,3,Sim,1,977,3.33,61855.15,4,610.86,366.1350293,-2.625918589,-60.25963252
1554420966,Manaus,AM,2,Sim,1,492,2,61855.15,2,555.75,-63.75081467,-2.625918589,-60.25963252
5777708857,Manaus,AM,2,Sim,1,506,2,61855.15,2,555.75,-49.75081467,-2.625918589,-60.25963252
5050080214,Rio de Janeiro,RJ,4,Sim,1,774,3.67,67371.97,4,624.76,149.2414891,-22.92316461,-43.45109396
7472514095,Belo Horizonte,MG,3,Sim,1,635,2.67,56227.29,2,583.19,51.80942303,-19.90269606,-43.9599942
6426912258,Manaus,AM,3,Sim,1,687,7.33,61855.15,16,776.21,-89.20743883,-2.625918589,-60.25963252
5616918218,Manaus,AM,4,Sim,1,791,3.67,61855.15,4,624.64,166.3564903,-2.625918589,-60.25963252
3208588222,Rio de Janeiro,RJ,0,Sim,1,500,0.33,67371.97,0,486.97,13.02687924,-22.92316461,-43.45109396
4916230936,Fortaleza,CE,2,Sim,1,651,2.33,35796.74,3,568.99,82.01384783,-3.785866303,-38.52800282
5531626564,Fortaleza,CE,1,Sim,1,579,1,35796.74,1,513.87,65.12800387,-3.785866303,-38.52800282
5066819486,São Paulo,SP,3,Sim,1,498,3,93156.23,3,597.74,-99.73891955,-23.65005094,-46.64809546
8137422724,Manaus,AM,1,Não,0,543,0.67,61855.15,1,500.64,42.36334137,-2.625918589,-60.25963252
6613226238,Rio de Janeiro,RJ,3,Sim,1,537,2.67,67371.97,2,583.42,-46.42289383,-22.92316461,-43.45109396
2928602487,Fortaleza,CE,0,Não,0,369,0.33,35796.74,1,486.31,-117.3149181,-3.785866303,-38.52800282
7754955069,Fortaleza,CE,0,Sim,1,553,0.67,35796.74,1,500.09,52.90654288,-3.785866303,-38.52800282
5732533268,Fortaleza,CE,0,Sim,1,438,0.33,35796.74,0,486.31,-48.31491811,-3.785866303,-38.52800282
7176352286,Fortaleza,CE,3,Sim,1,646,2.67,35796.74,2,582.76,63.23530882,-3.785866303,-38.52800282
7017884708,São Paulo,SP,1,Sim,1,639,1,93156.23,1,515.07,123.9323145,-23.65005094,-46.64809546
6166215326,São Paulo,SP,4,Sim,1,686,7.67,93156.23,16,790.64,-104.6384657,-23.65005094,-46.64809546
4157782450,São Paulo,SP,1,Sim,1,539,0.67,93156.23,0,501.29,37.71085352,-23.65005094,-46.64809546
4835894313,São Paulo,SP,3,Sim,1,563,3,93156.23,3,597.74,-34.73891955,-23.65005094,-46.64809546
4687659380,Fortaleza,CE,2,Sim,1,517,2.33,35796.74,3,568.99,-51.98615217,-3.785866303,-38.52800282
6706167420,Fortaleza,CE,4,Sim,1,755,7.67,35796.74,16,789.44,-34.44277633,-3.785866303,-38.52800282
3135583123,Manaus,AM,3,Sim,1,712,3,61855.15,3,597.09,114.9135683,-2.625918589,-60.25963252
1141785204,Belo Horizonte,MG,2,Sim,1,616,2,56227.29,2,555.63,60.36650105,-19.90269606,-43.9599942
7963114943,Fortaleza,CE,3,Sim,1,573,2.67,35796.74,2,582.76,-9.764691178,-3.785866303,-38.52800282
8554747938,Belo Horizonte,MG,0,Não,0,513,0,56227.29,0,472.96,40.03773511,-19.90269606,-43.9599942
5304946250,Fortaleza,CE,0,Sim,1,398,0.67,35796.74,1,500.09,-102.0934571,-3.785866303,-38.52800282
7719880406,Rio de Janeiro,RJ,4,Sim,1,717,3.67,67371.97,4,624.76,92.24148913,-22.92316461,-43.45109396
3635749246,Belo Horizonte,MG,0,Não,0,560,0.33,56227.29,1,486.74,73.2591961,-19.90269606,-43.9599942
2295305728,Belo Horizonte,MG,3,Sim,1,548,2.67,56227.29,2,583.19,-35.19057697,-19.90269606,-43.9599942
1460516676,Belo Horizonte,MG,1,Sim,1,455,0.67,56227.29,0,500.52,-45.51934291,-19.90269606,-43.9599942
3340681059,Fortaleza,CE,0,Não,0,420,0,35796.74,0,472.54,-52.5363791,-3.785866303,-38.52800282
1167531317,São Paulo,SP,0,Não,0,545,0.33,93156.23,1,487.51,57.48939253,-23.65005094,-46.64809546
2824430558,Rio de Janeiro,RJ,3,Sim,1,697,3,67371.97,3,597.2,99.79856716,-22.92316461,-43.45109396
6341284846,Fortaleza,CE,2,Sim,1,705,2.33,35796.74,3,568.99,136.0138478,-3.785866303,-38.52800282
4509448273,Fortaleza,CE,2,Sim,1,731,2,35796.74,2,555.21,175.7923868,-3.785866303,-38.52800282
9334372010,Belo Horizonte,MG,1,Sim,1,350,0.67,56227.29,0,500.52,-150.5193429,-19.90269606,-43.9599942
2085928352,São Paulo,SP,3,Sim,1,814,7.33,93156.23,16,776.86,37.14007332,-23.65005094,-46.64809546
8384715895,São Paulo,SP,1,Não,0,454,0.67,93156.23,1,501.29,-47.28914648,-23.65005094,-46.64809546
1410423216,Rio de Janeiro,RJ,1,Sim,1,416,0.67,67371.97,0,500.75,-84.75165977,-22.92316461,-43.45109396
3489348969,Fortaleza,CE,3,Sim,1,662,3,35796.74,3,596.54,65.45676981,-3.785866303,-38.52800282
1908090341,Rio de Janeiro,RJ,4,Sim,1,717,7.67,67371.97,16,790.1,-73.10097899,-22.92316461,-43.45109396
9540501572,São Paulo,SP,4,Sim,1,670,3.67,93156.23,4,625.3,44.70400243,-23.65005094,-46.64809546
7535795266,Manaus,AM,3,Sim,1,707,7.33,61855.15,16,776.21,-69.20743883,-2.625918589,-60.25963252
9509976637,Fortaleza,CE,1,Não,0,420,0.33,35796.74,0,486.31,-66.31491811,-3.785866303,-38.52800282
4891673830,Fortaleza,CE,2,Sim,1,582,2,35796.74,2,555.21,26.79238684,-3.785866303,-38.52800282
4620423277,São Paulo,SP,3,Sim,1,596,2.67,93156.23,2,583.96,12.03961946,-23.65005094,-46.64809546
4233455265,Manaus,AM,3,Sim,1,560,3,61855.15,3,597.09,-37.0864317,-2.625918589,-60.25963252
8984053655,Fortaleza,CE,3,Sim,1,745,7.33,35796.74,16,775.66,-30.66423732,-3.785866303,-38.52800282
7087613401,Manaus,AM,1,Sim,1,490,1,61855.15,1,514.42,-24.41519764,-2.625918589,-60.25963252
6777867242,Belo Horizonte,MG,0,Não,0,376,0.33,56227.29,1,486.74,-110.7408039,-19.90269606,-43.9599942
1826121330,Manaus,AM,1,Não,0,575,0.67,61855.15,1,500.64,74.36334137,-2.625918589,-60.25963252
7550486098,Fortaleza,CE,1,Sim,1,419,1,35796.74,1,513.87,-94.87199613,-3.785866303,-38.52800282
6058973535,Rio de Janeiro,RJ,1,Sim,1,406,0.67,67371.97,0,500.75,-94.75165977,-22.92316461,-43.45109396
3095515370,Belo Horizonte,MG,1,Sim,1,401,0.67,56227.29,0,500.52,-99.51934291,-19.90269606,-43.9599942
7191212207,Rio de Janeiro,RJ,1,Não,0,681,0.67,67371.97,1,500.75,180.2483402,-22.92316461,-43.45109396
8381757143,São Paulo,SP,4,Sim,1,682,7.67,93156.23,16,790.64,-108.6384657,-23.65005094,-46.64809546
5645779216,Rio de Janeiro,RJ,3,Sim,1,480,3,67371.97,3,597.2,-117.2014328,-22.92316461,-43.45109396
9154715698,Rio de Janeiro,RJ,3,Sim,1,591,2.67,67371.97,2,583.42,7.577106165,-22.92316461,-43.45109396
8636387316,Rio de Janeiro,RJ,3,Sim,1,709,3.33,67371.97,4,610.98,98.02002814,-22.92316461,-43.45109396
5832826146,Belo Horizonte,MG,3,Sim,1,601,2.67,56227.29,2,583.19,17.80942303,-19.90269606,-43.9599942
4070465426,Fortaleza,CE,0,Sim,1,498,0.67,35796.74,1,500.09,-2.093457116,-3.785866303,-38.52800282
4833125585,Fortaleza,CE,0,Sim,1,375,0.67,35796.74,1,500.09,-125.0934571,-3.785866303,-38.52800282
8926972444,Belo Horizonte,MG,0,Não,0,396,0.33,56227.29,1,486.74,-90.7408039,-19.90269606,-43.9599942
5147262655,Belo Horizonte,MG,0,Não,0,383,0,56227.29,0,472.96,-89.96226489,-19.90269606,-43.9599942
9505157148,Fortaleza,CE,1,Sim,1,494,0.67,35796.74,0,500.09,-6.093457116,-3.785866303,-38.52800282
6878629768,São Paulo,SP,0,Sim,1,419,0.33,93156.23,0,487.51,-68.51060747,-23.65005094,-46.64809546
5893266298,Manaus,AM,3,Sim,1,842,3.33,61855.15,4,610.86,231.1350293,-2.625918589,-60.25963252
9317175539,Belo Horizonte,MG,0,Sim,1,421,0.33,56227.29,0,486.74,-65.7408039,-19.90269606,-43.9599942
9453392598,Fortaleza,CE,4,Sim,1,692,7.67,35796.74,16,789.44,-97.44277633,-3.785866303,-38.52800282
5367849124,Fortaleza,CE,0,Não,0,521,0,35796.74,0,472.54,48.4636209,-3.785866303,-38.52800282
8307300839,Fortaleza,CE,3,Sim,1,787,3.33,35796.74,4,610.32,176.6782308,-3.785866303,-38.52800282
4879174484,Manaus,AM,4,Sim,1,738,3.67,61855.15,4,624.64,113.3564903,-2.625918589,-60.25963252
3161315201,Manaus,AM,3,Sim,1,552,2.67,61855.15,2,583.31,-31.30789269,-2.625918589,-60.25963252
1914979730,São Paulo,SP,0,Não,0,513,0,93156.23,0,473.73,39.26793154,-23.65005094,-46.64809546
5608063748,Belo Horizonte,MG,2,Sim,1,484,2,56227.29,2,555.63,-71.63349895,-19.90269606,-43.9599942
5013304275,São Paulo,SP,4,Sim,1,775,3.67,93156.23,4,625.3,149.7040024,-23.65005094,-46.64809546
8169442003,Manaus,AM,2,Sim,1,540,2.33,61855.15,3,569.53,-29.52935368,-2.625918589,-60.25963252
6423235799,Belo Horizonte,MG,0,Sim,1,467,0.67,56227.29,1,500.52,-33.51934291,-19.90269606,-43.9599942
5126730939,Belo Horizonte,MG,0,Não,0,554,0.33,56227.29,1,486.74,67.2591961,-19.90269606,-43.9599942
9047385879,Belo Horizonte,MG,1,Não,0,412,0.33,56227.29,0,486.74,-74.7408039,-19.90269606,-43.9599942
7241736220,Rio de Janeiro,RJ,1,Sim,1,427,0.67,67371.97,0,500.75,-73.75165977,-22.92316461,-43.45109396
7595733901,São Paulo,SP,0,Sim,1,481,0.33,93156.23,0,487.51,-6.510607467,-23.65005094,-46.64809546
4459451345,Manaus,AM,0,Sim,1,556,0.33,61855.15,0,486.86,69.14188038,-2.625918589,-60.25963252
7755006480,Rio de Janeiro,RJ,2,Sim,1,607,2.33,67371.97,3,569.64,37.35564518,-22.92316461,-43.45109396
8615697239,Fortaleza,CE,1,Sim,1,450,0.67,35796.74,0,500.09,-50.09345712,-3.785866303,-38.52800282
6826376203,Rio de Janeiro,RJ,0,Não,0,481,0.33,67371.97,1,486.97,-5.973120763,-22.92316461,-43.45109396
1792143135,Fortaleza,CE,2,Sim,1,588,2.33,35796.74,3,568.99,19.01384783,-3.785866303,-38.52800282
1090837820,Belo Horizonte,MG,3,Sim,1,482,2.67,56227.29,2,583.19,-101.190577,-19.90269606,-43.9599942
1880379077,Fortaleza,CE,2,Sim,1,622,2,35796.74,2,555.21,66.79238684,-3.785866303,-38.52800282
6083369158,Manaus,AM,4,Sim,1,793,7.67,61855.15,16,789.99,3.014022157,-2.625918589,-60.25963252
1543902313,Rio de Janeiro,RJ,2,Sim,1,621,2,67371.97,2,555.87,65.13418419,-22.92316461,-43.45109396
8450734426,Belo Horizonte,MG,1,Sim,1,320,1,56227.29,1,514.3,-194.2978819,-19.90269606,-43.9599942
4016779545,São Paulo,SP,1,Não,0,216,0.67,93156.23,1,501.29,-285.2891465,-23.65005094,-46.64809546
5783073332,Belo Horizonte,MG,2,Sim,1,576,2.33,56227.29,3,569.41,6.587962035,-19.90269606,-43.9599942
1862055076,Belo Horizonte,MG,0,Sim,1,479,0.33,56227.29,0,486.74,-7.740803903,-19.90269606,-43.9599942
9303000369,Rio de Janeiro,RJ,0,Sim,1,588,0.67,67371.97,1,500.75,87.24834023,-22.92316461,-43.45109396
1506832010,Fortaleza,CE,4,Sim,1,685,3.67,35796.74,4,624.1,60.89969179,-3.785866303,-38.52800282
9806069940,Rio de Janeiro,RJ,0,Sim,1,498,0.67,67371.97,1,500.75,-2.751659773,-22.92316461,-43.45109396
8401647274,Belo Horizonte,MG,2,Sim,1,675,2,56227.29,2,555.63,119.366501,-19.90269606,-43.9599942
5237283698,Rio de Janeiro,RJ,3,Sim,1,608,2.67,67371.97,2,583.42,24.57710617,-22.92316461,-43.45109396
9098416133,Fortaleza,CE,1,Não,0,667,0.67,35796.74,1,500.09,166.9065429,-3.785866303,-38.52800282
1902448976,Belo Horizonte,MG,3,Sim,1,701,3,56227.29,3,596.97,104.030884,-19.90269606,-43.9599942
6571492210,Belo Horizonte,MG,0,Não,0,442,0.33,56227.29,1,486.74,-44.7408039,-19.90269606,-43.9599942
5964344565,Manaus,AM,1,Sim,1,430,1,61855.15,1,514.42,-84.41519764,-2.625918589,-60.25963252
9901415579,São Paulo,SP,3,Sim,1,734,7.33,93156.23,16,776.86,-42.85992668,-23.65005094,-46.64809546
6650259149,Rio de Janeiro,RJ,1,Não,0,537,0.33,67371.97,0,486.97,50.02687924,-22.92316461,-43.45109396
5824616172,Rio de Janeiro,RJ,3,Sim,1,524,3,67371.97,3,597.2,-73.20143284,-22.92316461,-43.45109396
7529186119,Belo Horizonte,MG,3,Sim,1,674,2.67,56227.29,2,583.19,90.80942303,-19.90269606,-43.9599942
6923977062,Rio de Janeiro,RJ,0,Sim,1,481,0.67,67371.97,1,500.75,-19.75165977,-22.92316461,-43.45109396
3484913158,Rio de Janeiro,RJ,4,Sim,1,664,7.67,67371.97,16,790.1,-126.100979,-22.92316461,-43.45109396
8916246931,Belo Horizonte,MG,0,Não,0,425,0.33,56227.29,1,486.74,-61.7408039,-19.90269606,-43.9599942
7631970665,Fortaleza,CE,0,Não,0,379,0,35796.74,0,472.54,-93.5363791,-3.785866303,-38.52800282
6021688872,Fortaleza,CE,2,Sim,1,645,2.33,35796.74,3,568.99,76.01384783,-3.785866303,-38.52800282
9667592295,Belo Horizonte,MG,0,Sim,1,419,0.33,56227.29,0,486.74,-67.7408039,-19.90269606,-43.9599942
3890991226,Rio de Janeiro,RJ,2,Sim,1,573,2,67371.97,2,555.87,17.13418419,-22.92316461,-43.45109396
5186562664,Rio de Janeiro,RJ,2,Sim,1,653,2.33,67371.97,3,569.64,83.35564518,-22.92316461,-43.45109396
9003915525,Rio de Janeiro,RJ,4,Sim,1,706,7.67,67371.97,16,790.1,-84.10097899,-22.92316461,-43.45109396
9871796481,Manaus,AM,3,Sim,1,682,7.33,61855.15,16,776.21,-94.20743883,-2.625918589,-60.25963252
3671197941,Manaus,AM,3,Sim,1,691,3,61855.15,3,597.09,93.9135683,-2.625918589,-60.25963252
4064920298,Belo Horizonte,MG,2,Sim,1,577,2,56227.29,2,555.63,21.36650105,-19.90269606,-43.9599942
7594771719,Belo Horizonte,MG,1,Sim,1,455,1,56227.29,1,514.3,-59.29788192,-19.90269606,-43.9599942
9023420499,Fortaleza,CE,3,Sim,1,770,3.33,35796.74,4,610.32,159.6782308,-3.785866303,-38.52800282
5371047701,Rio de Janeiro,RJ,4,Sim,1,706,7.67,67371.97,16,790.1,-84.10097899,-22.92316461,-43.45109396
2615725786,Fortaleza,CE,3,Sim,1,726,3,35796.74,3,596.54,129.4567698,-3.785866303,-38.52800282
4816688800,Belo Horizonte,MG,0,Sim,1,623,0.67,56227.29,1,500.52,122.4806571,-19.90269606,-43.9599942
2351042745,Manaus,AM,0,Sim,1,483,0.67,61855.15,1,500.64,-17.63665863,-2.625918589,-60.25963252
3343977024,Manaus,AM,1,Sim,1,449,1,61855.15,1,514.42,-65.41519764,-2.625918589,-60.25963252
5521354136,Rio de Janeiro,RJ,2,Sim,1,548,2,67371.97,2,555.87,-7.865815814,-22.92316461,-43.45109396
5700401357,São Paulo,SP,1,Sim,1,403,0.67,93156.23,0,501.29,-98.28914648,-23.65005094,-46.64809546
8836241130,Belo Horizonte,MG,4,Sim,1,771,7.67,56227.29,16,789.87,-18.86866213,-19.90269606,-43.9599942
5209091402,Belo Horizonte,MG,4,Sim,1,644,3.67,56227.29,4,624.53,19.47380599,-19.90269606,-43.9599942
9454295791,Fortaleza,CE,1,Não,0,533,0.33,35796.74,0,486.31,46.68508189,-3.785866303,-38.52800282
2336571212,Rio de Janeiro,RJ,3,Sim,1,572,2.67,67371.97,2,583.42,-11.42289383,-22.92316461,-43.45109396
9848098848,Belo Horizonte,MG,0,Sim,1,475,0.33,56227.29,0,486.74,-11.7408039,-19.90269606,-43.9599942
6194111834,Belo Horizonte,MG,3,Sim,1,874,3.33,56227.29,4,610.75,263.252345,-19.90269606,-43.9599942
1745913996,Manaus,AM,4,Sim,1,747,7.67,61855.15,16,789.99,-42.98597784,-2.625918589,-60.25963252
8484564588,Belo Horizonte,MG,2,Sim,1,669,2,56227.29,2,555.63,113.366501,-19.90269606,-43.9599942
5254778153,São Paulo,SP,3,Sim,1,568,2.67,93156.23,2,583.96,-15.96038054,-23.65005094,-46.64809546
7186360188,Belo Horizonte,MG,0,Não,0,518,0.33,56227.29,1,486.74,31.2591961,-19.90269606,-43.9599942
7494370996,Manaus,AM,2,Sim,1,638,2.33,61855.15,3,569.53,68.47064632,-2.625918589,-60.25963252
1539514958,Manaus,AM,3,Sim,1,703,7.33,61855.15,16,776.21,-73.20743883,-2.625918589,-60.25963252
9539986553,Belo Horizonte,MG,3,Sim,1,502,2.67,56227.29,2,583.19,-81.19057697,-19.90269606,-43.9599942
7815031287,Belo Horizonte,MG,3,Sim,1,515,2.67,56227.29,2,583.19,-68.19057697,-19.90269606,-43.9599942
9081562295,Rio de Janeiro,RJ,1,Sim,1,442,0.67,67371.97,0,500.75,-58.75165977,-22.92316461,-43.45109396
2626393366,São Paulo,SP,3,Sim,1,471,3,93156.23,3,597.74,-126.7389195,-23.65005094,-46.64809546
3315819697,Fortaleza,CE,2,Sim,1,627,2.33,35796.74,3,568.99,58.01384783,-3.785866303,-38.52800282
7888785835,Rio de Janeiro,RJ,3,Sim,1,584,7.33,67371.97,16,776.32,-192.32244,-22.92316461,-43.45109396
2139147819,São Paulo,SP,3,Sim,1,553,2.67,93156.23,2,583.96,-30.96038054,-23.65005094,-46.64809546
3311212139,Belo Horizonte,MG,4,Sim,1,625,3.67,56227.29,4,624.53,0.473805994,-19.90269606,-43.9599942
7223765770,São Paulo,SP,3,Sim,1,546,2.67,93156.23,2,583.96,-37.96038054,-23.65005094,-46.64809546
1502787815,Fortaleza,CE,3,Sim,1,740,2.67,35796.74,2,582.76,157.2353088,-3.785866303,-38.52800282
3593270155,Fortaleza,CE,2,Sim,1,630,2,35796.74,2,555.21,74.79238684,-3.785866303,-38.52800282
4828164211,Manaus,AM,0,Não,0,439,0.33,61855.15,1,486.86,-47.85811962,-2.625918589,-60.25963252
5223615942,Rio de Janeiro,RJ,2,Sim,1,604,2.33,67371.97,3,569.64,34.35564518,-22.92316461,-43.45109396
4670115862,Rio de Janeiro,RJ,4,Sim,1,779,3.67,67371.97,4,624.76,154.2414891,-22.92316461,-43.45109396
4209354782,São Paulo,SP,3,Sim,1,712,3.33,93156.23,4,611.52,100.4825414,-23.65005094,-46.64809546
4403932353,Rio de Janeiro,RJ,0,Sim,1,467,0.33,67371.97,0,486.97,-19.97312076,-22.92316461,-43.45109396
9933610438,Manaus,AM,4,Sim,1,748,7.67,61855.15,16,789.99,-41.98597784,-2.625918589,-60.25963252
5334043708,Manaus,AM,4,Sim,1,729,3.67,61855.15,4,624.64,104.3564903,-2.625918589,-60.25963252
9463467845,Fortaleza,CE,3,Sim,1,698,2.67,35796.74,2,582.76,115.2353088,-3.785866303,-38.52800282
7420228550,São Paulo,SP,3,Sim,1,518,2.67,93156.23,2,583.96,-65.96038054,-23.65005094,-46.64809546
3077535076,Rio de Janeiro,RJ,2,Sim,1,670,2,67371.97,2,555.87,114.1341842,-22.92316461,-43.45109396
1227358134,Belo Horizonte,MG,1,Não,0,478,0.33,56227.29,0,486.74,-8.740803903,-19.90269606,-43.9599942
3817504373,Manaus,AM,1,Não,0,536,0.33,61855.15,0,486.86,49.14188038,-2.625918589,-60.25963252
1337197325,Manaus,AM,0,Sim,1,495,0.67,61855.15,1,500.64,-5.636658627,-2.625918589,-60.25963252
8471367246,Belo Horizonte,MG,1,Sim,1,374,1,56227.29,1,514.3,-140.2978819,-19.90269606,-43.9599942
3021645402,Belo Horizonte,MG,3,Sim,1,531,3,56227.29,3,596.97,-65.96911599,-19.90269606,-43.9599942
6971403746,Manaus,AM,3,Sim,1,690,3,61855.15,3,597.09,92.9135683,-2.625918589,-60.25963252
3365197652,Belo Horizonte,MG,0,Sim,1,323,0.33,56227.29,0,486.74,-163.7408039,-19.90269606,-43.9599942
5849297770,Fortaleza,CE,3,Sim,1,708,3,35796.74,3,596.54,111.4567698,-3.785866303,-38.52800282
9962517146,Belo Horizonte,MG,3,Sim,1,548,3,56227.29,3,596.97,-48.96911599,-19.90269606,-43.9599942
2815493710,São Paulo,SP,0,Não,0,524,0.33,93156.23,1,487.51,36.48939253,-23.65005094,-46.64809546
7378339573,Rio de Janeiro,RJ,1,Sim,1,516,1,67371.97,1,514.53,1.469801217,-22.92316461,-43.45109396
8299416614,Belo Horizonte,MG,0,Não,0,518,0.33,56227.29,1,486.74,31.2591961,-19.90269606,-43.9599942
3253450385,Fortaleza,CE,3,Sim,1,908,3.33,35796.74,4,610.32,297.6782308,-3.785866303,-38.52800282
9978613303,Manaus,AM,1,Sim,1,389,1,61855.15,1,514.42,-125.4151976,-2.625918589,-60.25963252
6109101989,Fortaleza,CE,3,Sim,1,675,3,35796.74,3,596.54,78.45676981,-3.785866303,-38.52800282
6323052903,Rio de Janeiro,RJ,3,Sim,1,643,2.67,67371.97,2,583.42,59.57710617,-22.92316461,-43.45109396
5576627293,Belo Horizonte,MG,2,Sim,1,577,2.33,56227.29,3,569.41,7.587962035,-19.90269606,-43.9599942
4837596118,Rio de Janeiro,RJ,1,Não,0,400,0.33,67371.97,0,486.97,-86.97312076,-22.92316461,-43.45109396
6989551507,Manaus,AM,3,Sim,1,697,2.67,61855.15,2,583.31,113.6921073,-2.625918589,-60.25963252
2087490711,Manaus,AM,0,Sim,1,416,0.67,61855.15,1,500.64,-84.63665863,-2.625918589,-60.25963252
3981272740,Rio de Janeiro,RJ,1,Sim,1,267,1,67371.97,1,514.53,-247.5301988,-22.92316461,-43.45109396
7078501579,Rio de Janeiro,RJ,0,Não,0,517,0,67371.97,0,473.19,43.80541825,-22.92316461,-43.45109396
6937725545,Rio de Janeiro,RJ,4,Sim,1,777,7.67,67371.97,16,790.1,-13.10097899,-22.92316461,-43.45109396
4993983560,Belo Horizonte,MG,1,Sim,1,322,1,56227.29,1,514.3,-192.2978819,-19.90269606,-43.9599942
2884063743,Belo Horizonte,MG,3,Sim,1,678,3,56227.29,3,596.97,81.03088401,-19.90269606,-43.9599942
9914320932,Fortaleza,CE,0,Sim,1,504,0.67,35796.74,1,500.09,3.906542884,-3.785866303,-38.52800282
6743913533,Fortaleza,CE,2,Sim,1,612,2,35796.74,2,555.21,56.79238684,-3.785866303,-38.52800282
5342269290,Rio de Janeiro,RJ,4,Sim,1,702,7.67,67371.97,16,790.1,-88.10097899,-22.92316461,-43.45109396
3418772611,São Paulo,SP,3,Sim,1,540,3,93156.23,3,597.74,-57.73891955,-23.65005094,-46.64809546
4665606630,Manaus,AM,1,Não,0,504,0.67,61855.15,1,500.64,3.363341373,-2.625918589,-60.25963252
1318149307,Manaus,AM,2,Sim,1,563,2.33,61855.15,3,569.53,-6.529353678,-2.625918589,-60.25963252
7753042294,São Paulo,SP,2,Sim,1,637,2.33,93156.23,3,570.18,66.81815847,-23.65005094,-46.64809546
3569195744,Rio de Janeiro,RJ,3,Sim,1,706,7.33,67371.97,16,776.32,-70.32243998,-22.92316461,-43.45109396
7528845987,Rio de Janeiro,RJ,3,Sim,1,585,2.67,67371.97,2,583.42,1.577106165,-22.92316461,-43.45109396
4736728603,Belo Horizonte,MG,3,Sim,1,709,3,56227.29,3,596.97,112.030884,-19.90269606,-43.9599942
3069745446,Rio de Janeiro,RJ,1,Sim,1,493,0.67,67371.97,0,500.75,-7.751659773,-22.92316461,-43.45109396
2718114195,Manaus,AM,3,Sim,1,642,3,61855.15,3,597.09,44.9135683,-2.625918589,-60.25963252
2361131008,Rio de Janeiro,RJ,3,Sim,1,638,3,67371.97,3,597.2,40.79856716,-22.92316461,-43.45109396
1423849825,Manaus,AM,3,Sim,1,594,2.67,61855.15,2,583.31,10.69210731,-2.625918589,-60.25963252
2831023113,Fortaleza,CE,2,Sim,1,490,2,35796.74,2,555.21,-65.20761316,-3.785866303,-38.52800282
5518616605,Manaus,AM,2,Sim,1,622,2.33,61855.15,3,569.53,52.47064632,-2.625918589,-60.25963252
8986504472,São Paulo,SP,3,Sim,1,576,2.67,93156.23,2,583.96,-7.960380539,-23.65005094,-46.64809546
9298431265,Fortaleza,CE,3,Sim,1,658,2.67,35796.74,2,582.76,75.23530882,-3.785866303,-38.52800282
2739466484,Rio de Janeiro,RJ,3,Sim,1,565,3,67371.97,3,597.2,-32.20143284,-22.92316461,-43.45109396
6855425860,Rio de Janeiro,RJ,1,Sim,1,428,0.67,67371.97,0,500.75,-72.75165977,-22.92316461,-43.45109396
6012012856,Fortaleza,CE,3,Sim,1,527,2.67,35796.74,2,582.76,-55.76469118,-3.785866303,-38.52800282
6625830134,Rio de Janeiro,RJ,1,Sim,1,634,1,67371.97,1,514.53,119.4698012,-22.92316461,-43.45109396
3587464882,Belo Horizonte,MG,0,Sim,1,370,0.67,56227.29,1,500.52,-130.5193429,-19.90269606,-43.9599942
4906645095,São Paulo,SP,0,Sim,1,346,0.33,93156.23,0,487.51,-141.5106075,-23.65005094,-46.64809546
1861708259,São Paulo,SP,4,Sim,1,843,7.67,93156.23,16,790.64,52.36153431,-23.65005094,-46.64809546
3160680354,Manaus,AM,1,Não,0,589,0.67,61855.15,1,500.64,88.36334137,-2.625918589,-60.25963252
6070796005,Rio de Janeiro,RJ,4,Sim,1,689,3.67,67371.97,4,624.76,64.24148913,-22.92316461,-43.45109396
5315945902,Rio de Janeiro,RJ,0,Não,0,381,0,67371.97,0,473.19,-92.19458175,-22.92316461,-43.45109396
4994342673,Rio de Janeiro,RJ,2,Sim,1,578,2,67371.97,2,555.87,22.13418419,-22.92316461,-43.45109396
5790619239,Belo Horizonte,MG,0,Sim,1,343,0.67,56227.29,1,500.52,-157.5193429,-19.90269606,-43.9599942
6287015888,Fortaleza,CE,3,Sim,1,696,7.33,35796.74,16,775.66,-79.66423732,-3.785866303,-38.52800282
9174765917,Belo Horizonte,MG,3,Sim,1,757,3.33,56227.29,4,610.75,146.252345,-19.90269606,-43.9599942
6036954314,Fortaleza,CE,3,Sim,1,725,3.33,35796.74,4,610.32,114.6782308,-3.785866303,-38.52800282
4652919731,Belo Horizonte,MG,1,Sim,1,619,0.67,56227.29,0,500.52,118.4806571,-19.90269606,-43.9599942
3998190156,Manaus,AM,3,Sim,1,701,3,61855.15,3,597.09,103.9135683,-2.625918589,-60.25963252
9819538007,Rio de Janeiro,RJ,0,Sim,1,457,0.33,67371.97,0,486.97,-29.97312076,-22.92316461,-43.45109396
6626553301,Rio de Janeiro,RJ,3,Sim,1,662,3,67371.97,3,597.2,64.79856716,-22.92316461,-43.45109396
1020239727,Manaus,AM,4,Sim,1,736,3.67,61855.15,4,624.64,111.3564903,-2.625918589,-60.25963252
9085254906,São Paulo,SP,3,Sim,1,683,7.33,93156.23,16,776.86,-93.85992668,-23.65005094,-46.64809546
4519288587,Rio de Janeiro,RJ,1,Não,0,484,0.33,67371.97,0,486.97,-2.973120763,-22.92316461,-43.45109396
5161685277,Fortaleza,CE,3,Sim,1,675,2.67,35796.74,2,582.76,92.23530882,-3.785866303,-38.52800282
6850525408,Fortaleza,CE,3,Sim,1,708,7.33,35796.74,16,775.66,-67.66423732,-3.785866303,-38.52800282
3347693301,Belo Horizonte,MG,1,Sim,1,548,1,56227.29,1,514.3,33.70211808,-19.90269606,-43.9599942
2518593587,Belo Horizonte,MG,3,Sim,1,623,2.67,56227.29,2,583.19,39.80942303,-19.90269606,-43.9599942
9762941500,São Paulo,SP,3,Sim,1,619,7.33,93156.23,16,776.86,-157.8599267,-23.65005094,-46.64809546
5066916979,São Paulo,SP,4,Sim,1,685,7.67,93156.23,16,790.64,-105.6384657,-23.65005094,-46.64809546
2956897105,Fortaleza,CE,1,Sim,1,549,1,35796.74,1,513.87,35.12800387,-3.785866303,-38.52800282
1166642394,Fortaleza,CE,2,Sim,1,523,2,35796.74,2,555.21,-32.20761316,-3.785866303,-38.52800282
2486524686,Manaus,AM,3,Sim,1,739,2.67,61855.15,2,583.31,155.6921073,-2.625918589,-60.25963252
6189316115,Fortaleza,CE,4,Sim,1,759,3.67,35796.74,4,624.1,134.8996918,-3.785866303,-38.52800282
8473319523,Fortaleza,CE,3,Sim,1,638,3.33,35796.74,4,610.32,27.6782308,-3.785866303,-38.52800282
9762029994,São Paulo,SP,0,Sim,1,518,0.33,93156.23,0,487.51,30.48939253,-23.65005094,-46.64809546
7815116264,Belo Horizonte,MG,1,Não,0,575,0.33,56227.29,0,486.74,88.2591961,-19.90269606,-43.9599942
9576223837,Manaus,AM,3,Sim,1,745,3,61855.15,3,597.09,147.9135683,-2.625918589,-60.25963252
1646869117,Belo Horizonte,MG,0,Sim,1,274,0.33,56227.29,0,486.74,-212.7408039,-19.90269606,-43.9599942
4415735309,Rio de Janeiro,RJ,3,Sim,1,724,3.33,67371.97,4,610.98,113.0200281,-22.92316461,-43.45109396
7285905501,Manaus,AM,2,Sim,1,493,2,61855.15,2,555.75,-62.75081467,-2.625918589,-60.25963252
9158773504,Rio de Janeiro,RJ,4,Sim,1,653,7.67,67371.97,16,790.1,-137.100979,-22.92316461,-43.45109396
9737242962,Rio de Janeiro,RJ,1,Sim,1,274,1,67371.97,1,514.53,-240.5301988,-22.92316461,-43.45109396
5614634942,Rio de Janeiro,RJ,0,Sim,1,511,0.67,67371.97,1,500.75,10.24834023,-22.92316461,-43.45109396
3452826457,Belo Horizonte,MG,2,Sim,1,563,2.33,56227.29,3,569.41,-6.412037965,-19.90269606,-43.9599942
3079556603,São Paulo,SP,1,Sim,1,513,1,93156.23,1,515.07,-2.067685487,-23.65005094,-46.64809546
1185415006,Rio de Janeiro,RJ,0,Sim,1,660,0.67,67371.97,1,500.75,159.2483402,-22.92316461,-43.45109396
5334333031,Belo Horizonte,MG,1,Sim,1,448,0.67,56227.29,0,500.52,-52.51934291,-19.90269606,-43.9599942
6205692964,São Paulo,SP,0,Sim,1,302,0.67,93156.23,1,501.29,-199.2891465,-23.65005094,-46.64809546
1046378726,Fortaleza,CE,2,Sim,1,662,2,35796.74,2,555.21,106.7923868,-3.785866303,-38.52800282
5649015513,Manaus,AM,1,Sim,1,601,1,61855.15,1,514.42,86.58480236,-2.625918589,-60.25963252
7674921031,São Paulo,SP,0,Não,0,384,0,93156.23,0,473.73,-89.73206846,-23.65005094,-46.64809546
1542383372,Rio de Janeiro,RJ,3,Sim,1,768,3.33,67371.97,4,610.98,157.0200281,-22.92316461,-43.45109396
7466744829,Rio de Janeiro,RJ,3,Sim,1,896,3.33,67371.97,4,610.98,285.0200281,-22.92316461,-43.45109396
4823468661,Belo Horizonte,MG,2,Sim,1,529,2.33,56227.29,3,569.41,-40.41203796,-19.90269606,-43.9599942
4165663699,Rio de Janeiro,RJ,0,Sim,1,411,0.67,67371.97,1,500.75,-89.75165977,-22.92316461,-43.45109396
4692588727,Belo Horizonte,MG,2,Sim,1,735,2,56227.29,2,555.63,179.366501,-19.90269606,-43.9599942
4512641834,Fortaleza,CE,3,Sim,1,588,3,35796.74,3,596.54,-8.543230188,-3.785866303,-38.52800282
8603972471,Fortaleza,CE,1,Sim,1,529,1,35796.74,1,513.87,15.12800387,-3.785866303,-38.52800282
2352077434,Rio de Janeiro,RJ,0,Não,0,401,0.33,67371.97,1,486.97,-85.97312076,-22.92316461,-43.45109396
2094218437,Fortaleza,CE,2,Sim,1,668,2,35796.74,2,555.21,112.7923868,-3.785866303,-38.52800282
7463637173,Rio de Janeiro,RJ,3,Sim,1,787,3.33,67371.97,4,610.98,176.0200281,-22.92316461,-43.45109396
8448804690,Fortaleza,CE,2,Sim,1,657,2,35796.74,2,555.21,101.7923868,-3.785866303,-38.52800282
5011445416,Rio de Janeiro,RJ,4,Sim,1,723,7.67,67371.97,16,790.1,-67.10097899,-22.92316461,-43.45109396
4745903638,Fortaleza,CE,0,Sim,1,309,0.67,35796.74,1,500.09,-191.0934571,-3.785866303,-38.52800282
1434495248,Manaus,AM,2,Sim,1,578,2.33,61855.15,3,569.53,8.470646322,-2.625918589,-60.25963252
6768887799,Belo Horizonte,MG,4,Sim,1,670,3.67,56227.29,4,624.53,45.47380599,-19.90269606,-43.9599942
9787800187,Rio de Janeiro,RJ,2,Sim,1,658,2,67371.97,2,555.87,102.1341842,-22.92316461,-43.45109396
8532000472,Belo Horizonte,MG,3,Sim,1,583,2.67,56227.29,2,583.19,-0.190576975,-19.90269606,-43.9599942
8281733399,Rio de Janeiro,RJ,4,Sim,1,798,7.67,67371.97,16,790.1,7.899021011,-22.92316461,-43.45109396
9177416149,Rio de Janeiro,RJ,0,Sim,1,491,0.67,67371.97,1,500.75,-9.751659773,-22.92316461,-43.45109396
4374423304,Fortaleza,CE,0,Não,0,398,0.33,35796.74,1,486.31,-88.31491811,-3.785866303,-38.52800282
6672415556,Manaus,AM,1,Não,0,411,0.33,61855.15,0,486.86,-75.85811962,-2.625918589,-60.25963252
9717650857,Rio de Janeiro,RJ,4,Sim,1,811,7.67,67371.97,16,790.1,20.89902101,-22.92316461,-43.45109396
5511672344,Manaus,AM,0,Sim,1,444,0.33,61855.15,0,486.86,-42.85811962,-2.625918589,-60.25963252
3164964509,Rio de Janeiro,RJ,0,Sim,1,466,0.67,67371.97,1,500.75,-34.75165977,-22.92316461,-43.45109396
1275963328,Belo Horizonte,MG,3,Sim,1,659,3,56227.29,3,596.97,62.03088401,-19.90269606,-43.9599942
8041111041,São Paulo,SP,3,Sim,1,651,3,93156.23,3,597.74,53.26108045,-23.65005094,-46.64809546
8872649858,Belo Horizonte,MG,1,Não,0,555,0.33,56227.29,0,486.74,68.2591961,-19.90269606,-43.9599942
7192694441,Fortaleza,CE,0,Não,0,307,0.33,35796.74,1,486.31,-179.3149181,-3.785866303,-38.52800282
5810027745,Belo Horizonte,MG,1,Não,0,480,0.33,56227.29,0,486.74,-6.740803903,-19.90269606,-43.9599942
7366671448,São Paulo,SP,1,Não,0,354,0.33,93156.23,0,487.51,-133.5106075,-23.65005094,-46.64809546
7769552798,Fortaleza,CE,0,Sim,1,424,0.67,35796.74,1,500.09,-76.09345712,-3.785866303,-38.52800282
2005270473,São Paulo,SP,0,Não,0,462,0,93156.23,0,473.73,-11.73206846,-23.65005094,-46.64809546
3661025253,São Paulo,SP,2,Sim,1,517,2.33,93156.23,3,570.18,-53.18184153,-23.65005094,-46.64809546
3773515053,Manaus,AM,2,Sim,1,609,2,61855.15,2,555.75,53.24918533,-2.625918589,-60.25963252
4078282905,Manaus,AM,0,Sim,1,412,0.67,61855.15,1,500.64,-88.63665863,-2.625918589,-60.25963252
7357131152,Rio de Janeiro,RJ,0,Sim,1,403,0.67,67371.97,1,500.75,-97.75165977,-22.92316461,-43.45109396
7524755561,São Paulo,SP,3,Sim,1,648,2.67,93156.23,2,583.96,64.03961946,-23.65005094,-46.64809546
1338003942,Belo Horizonte,MG,1,Não,0,425,0.67,56227.29,1,500.52,-75.51934291,-19.90269606,-43.9599942
3155387445,Manaus,AM,2,Sim,1,526,2,61855.15,2,555.75,-29.75081467,-2.625918589,-60.25963252
6692628170,Rio de Janeiro,RJ,4,Sim,1,775,7.67,67371.97,16,790.1,-15.10097899,-22.92316461,-43.45109396
1786707119,Fortaleza,CE,0,Sim,1,435,0.67,35796.74,1,500.09,-65.09345712,-3.785866303,-38.52800282
4844141178,Belo Horizonte,MG,2,Sim,1,684,2.33,56227.29,3,569.41,114.587962,-19.90269606,-43.9599942
3512890090,Belo Horizonte,MG,3,Sim,1,492,3,56227.29,3,596.97,-104.969116,-19.90269606,-43.9599942
3564596368,Belo Horizonte,MG,3,Sim,1,599,2.67,56227.29,2,583.19,15.80942303,-19.90269606,-43.9599942
9005625002,Manaus,AM,0,Sim,1,392,0.33,61855.15,0,486.86,-94.85811962,-2.625918589,-60.25963252
2579296003,Belo Horizonte,MG,1,Não,0,597,0.33,56227.29,0,486.74,110.2591961,-19.90269606,-43.9599942
6223221376,Rio de Janeiro,RJ,2,Sim,1,625,2.33,67371.97,3,569.64,55.35564518,-22.92316461,-43.45109396
4851497090,Fortaleza,CE,0,Sim,1,551,0.67,35796.74,1,500.09,50.90654288,-3.785866303,-38.52800282
8531698161,São Paulo,SP,0,Sim,1,465,0.33,93156.23,0,487.51,-22.51060747,-23.65005094,-46.64809546
2099602582,Fortaleza,CE,3,Sim,1,757,7.33,35796.74,16,775.66,-18.66423732,-3.785866303,-38.52800282
7889149015,Manaus,AM,3,Sim,1,702,7.33,61855.15,16,776.21,-74.20743883,-2.625918589,-60.25963252
5126238451,Fortaleza,CE,3,Sim,1,671,3.33,35796.74,4,610.32,60.6782308,-3.785866303,-38.52800282
2647268172,São Paulo,SP,3,Sim,1,663,3.33,93156.23,4,611.52,51.48254144,-23.65005094,-46.64809546
4512871708,São Paulo,SP,4,Sim,1,629,3.67,93156.23,4,625.3,3.704002431,-23.65005094,-46.64809546
4743286750,São Paulo,SP,2,Sim,1,523,2,93156.23,2,556.4,-33.40330252,-23.65005094,-46.64809546
8410871728,Manaus,AM,3,Sim,1,595,3,61855.15,3,597.09,-2.086431699,-2.625918589,-60.25963252
5113849463,Manaus,AM,3,Sim,1,378,2.67,61855.15,2,583.31,-205.3078927,-2.625918589,-60.25963252
2446749884,Fortaleza,CE,4,Sim,1,687,3.67,35796.74,4,624.1,62.89969179,-3.785866303,-38.52800282
9467598276,Manaus,AM,0,Não,0,398,0,61855.15,0,473.08,-75.07958061,-2.625918589,-60.25963252
2782401795,São Paulo,SP,1,Não,0,500,0.67,93156.23,1,501.29,-1.289146477,-23.65005094,-46.64809546
3121066156,São Paulo,SP,4,Sim,1,703,7.67,93156.23,16,790.64,-87.63846569,-23.65005094,-46.64809546
8661914952,Rio de Janeiro,RJ,2,Sim,1,597,2.33,67371.97,3,569.64,27.35564518,-22.92316461,-43.45109396
6819018061,São Paulo,SP,3,Sim,1,567,3,93156.23,3,597.74,-30.73891955,-23.65005094,-46.64809546
2836123009,Manaus,AM,3,Sim,1,582,2.67,61855.15,2,583.31,-1.307892689,-2.625918589,-60.25963252
4609674143,Fortaleza,CE,3,Sim,1,713,7.33,35796.74,16,775.66,-62.66423732,-3.785866303,-38.52800282
8863086052,Manaus,AM,3,Sim,1,511,3,61855.15,3,597.09,-86.0864317,-2.625918589,-60.25963252
1716528105,Rio de Janeiro,RJ,3,Sim,1,575,3,67371.97,3,597.2,-22.20143284,-22.92316461,-43.45109396
7888029267,Manaus,AM,0,Não,0,480,0.33,61855.15,1,486.86,-6.858119617,-2.625918589,-60.25963252
3708357854,Rio de Janeiro,RJ,3,Sim,1,619,3,67371.97,3,597.2,21.79856716,-22.92316461,-43.45109396
2000919043,Manaus,AM,2,Sim,1,719,2,61855.15,2,555.75,163.2491853,-2.625918589,-60.25963252
4840128267,Fortaleza,CE,2,Sim,1,620,2,35796.74,2,555.21,64.79238684,-3.785866303,-38.52800282
8443835579,Fortaleza,CE,3,Sim,1,721,7.33,35796.74,16,775.66,-54.66423732,-3.785866303,-38.52800282
3885269999,Belo Horizonte,MG,3,Sim,1,579,2.67,56227.29,2,583.19,-4.190576975,-19.90269606,-43.9599942
3101226411,Fortaleza,CE,0,Não,0,393,0,35796.74,0,472.54,-79.5363791,-3.785866303,-38.52800282
4607764918,Rio de Janeiro,RJ,3,Sim,1,870,3.33,67371.97,4,610.98,259.0200281,-22.92316461,-43.45109396
9104354624,Manaus,AM,2,Sim,1,685,2.33,61855.15,3,569.53,115.4706463,-2.625918589,-60.25963252
3878718904,Rio de Janeiro,RJ,2,Sim,1,512,2,67371.97,2,555.87,-43.86581581,-22.92316461,-43.45109396
4610365087,São Paulo,SP,0,Não,0,345,0,93156.23,0,473.73,-128.7320685,-23.65005094,-46.64809546
5171357759,Belo Horizonte,MG,2,Sim,1,563,2.33,56227.29,3,569.41,-6.412037965,-19.90269606,-43.9599942
1396292363,Fortaleza,CE,3,Sim,1,648,3,35796.74,3,596.54,51.45676981,-3.785866303,-38.52800282
2891652072,São Paulo,SP,3,Sim,1,541,3,93156.23,3,597.74,-56.73891955,-23.65005094,-46.64809546
3264820791,Rio de Janeiro,RJ,3,Sim,1,704,3.33,67371.97,4,610.98,93.02002814,-22.92316461,-43.45109396
9134550665,Rio de Janeiro,RJ,2,Sim,1,619,2,67371.97,2,555.87,63.13418419,-22.92316461,-43.45109396
1707457340,São Paulo,SP,4,Sim,1,786,3.67,93156.23,4,625.3,160.7040024,-23.65005094,-46.64809546
5928273140,Belo Horizonte,MG,3,Sim,1,712,3,56227.29,3,596.97,115.030884,-19.90269606,-43.9599942
1815410955,Fortaleza,CE,1,Sim,1,536,0.67,35796.74,0,500.09,35.90654288,-3.785866303,-38.52800282
3149022800,Manaus,AM,0,Sim,1,557,0.67,61855.15,1,500.64,56.36334137,-2.625918589,-60.25963252
3975558465,São Paulo,SP,3,Sim,1,586,2.67,93156.23,2,583.96,2.039619461,-23.65005094,-46.64809546
9479575239,Manaus,AM,2,Sim,1,704,2,61855.15,2,555.75,148.2491853,-2.625918589,-60.25963252
8513252254,Fortaleza,CE,4,Sim,1,581,7.67,35796.74,16,789.44,-208.4427763,-3.785866303,-38.52800282
3144231965,São Paulo,SP,0,Sim,1,476,0.33,93156.23,0,487.51,-11.51060747,-23.65005094,-46.64809546
8383009063,Rio de Janeiro,RJ,3,Sim,1,582,2.67,67371.97,2,583.42,-1.422893835,-22.92316461,-43.45109396
3961526873,Belo Horizonte,MG,2,Sim,1,652,2,56227.29,2,555.63,96.36650105,-19.90269606,-43.9599942
8064018522,Belo Horizonte,MG,0,Não,0,604,0,56227.29,0,472.96,131.0377351,-19.90269606,-43.9599942
1143565876,Belo Horizonte,MG,1,Sim,1,504,1,56227.29,1,514.3,-10.29788192,-19.90269606,-43.9599942
1620965142,Manaus,AM,1,Sim,1,481,1,61855.15,1,514.42,-33.41519764,-2.625918589,-60.25963252
5895062567,Rio de Janeiro,RJ,3,Sim,1,606,2.67,67371.97,2,583.42,22.57710617,-22.92316461,-43.45109396
5901099331,Fortaleza,CE,2,Sim,1,600,2,35796.74,2,555.21,44.79238684,-3.785866303,-38.52800282
5992966679,Rio de Janeiro,RJ,0,Sim,1,496,0.67,67371.97,1,500.75,-4.751659773,-22.92316461,-43.45109396
2910212033,Belo Horizonte,MG,0,Não,0,502,0.33,56227.29,1,486.74,15.2591961,-19.90269606,-43.9599942
6356709280,Rio de Janeiro,RJ,3,Sim,1,671,7.33,67371.97,16,776.32,-105.32244,-22.92316461,-43.45109396
3588447761,Rio de Janeiro,RJ,2,Sim,1,600,2.33,67371.97,3,569.64,30.35564518,-22.92316461,-43.45109396
3267029937,Manaus,AM,0,Sim,1,471,0.67,61855.15,1,500.64,-29.63665863,-2.625918589,-60.25963252
4684725781,Fortaleza,CE,0,Sim,1,395,0.33,35796.74,0,486.31,-91.31491811,-3.785866303,-38.52800282
9148834978,Rio de Janeiro,RJ,0,Sim,1,368,0.67,67371.97,1,500.75,-132.7516598,-22.92316461,-43.45109396
3742143659,Manaus,AM,3,Sim,1,438,3,61855.15,3,597.09,-159.0864317,-2.625918589,-60.25963252
8970698693,Manaus,AM,0,Sim,1,448,0.33,61855.15,0,486.86,-38.85811962,-2.625918589,-60.25963252
3879949545,São Paulo,SP,0,Não,0,402,0.33,93156.23,1,487.51,-85.51060747,-23.65005094,-46.64809546
6398569003,Manaus,AM,4,Sim,1,702,7.67,61855.15,16,789.99,-87.98597784,-2.625918589,-60.25963252
2973547224,Fortaleza,CE,0,Não,0,467,0,35796.74,0,472.54,-5.536379095,-3.785866303,-38.52800282
6931980688,Belo Horizonte,MG,2,Sim,1,484,2,56227.29,2,555.63,-71.63349895,-19.90269606,-43.9599942
4671082978,Rio de Janeiro,RJ,3,Sim,1,666,3,67371.97,3,597.2,68.79856716,-22.92316461,-43.45109396
9059765925,São Paulo,SP,3,Sim,1,456,3,93156.23,3,597.74,-141.7389195,-23.65005094,-46.64809546
8896508735,Manaus,AM,0,Sim,1,537,0.33,61855.15,0,486.86,50.14188038,-2.625918589,-60.25963252
8216566199,Fortaleza,CE,2,Sim,1,585,2,35796.74,2,555.21,29.79238684,-3.785866303,-38.52800282
8068481833,Manaus,AM,3,Sim,1,688,2.67,61855.15,2,583.31,104.6921073,-2.625918589,-60.25963252
3840896743,Fortaleza,CE,3,Sim,1,663,3,35796.74,3,596.54,66.45676981,-3.785866303,-38.52800282
5334484860,São Paulo,SP,4,Sim,1,579,3.67,93156.23,4,625.3,-46.29599757,-23.65005094,-46.64809546
9523113283,Belo Horizonte,MG,4,Sim,1,845,7.67,56227.29,16,789.87,55.13133787,-19.90269606,-43.9599942
2412074791,São Paulo,SP,1,Não,0,467,0.67,93156.23,1,501.29,-34.28914648,-23.65005094,-46.64809546
8501894681,Manaus,AM,3,Sim,1,687,3,61855.15,3,597.09,89.9135683,-2.625918589,-60.25963252
4533245941,Fortaleza,CE,1,Sim,1,401,1,35796.74,1,513.87,-112.8719961,-3.785866303,-38.52800282
2182130074,Rio de Janeiro,RJ,1,Não,0,575,0.67,67371.97,1,500.75,74.24834023,-22.92316461,-43.45109396
5220578661,Fortaleza,CE,2,Sim,1,473,2.33,35796.74,3,568.99,-95.98615217,-3.785866303,-38.52800282
9779538347,Belo Horizonte,MG,2,Sim,1,604,2,56227.29,2,555.63,48.36650105,-19.90269606,-43.9599942
4483593206,São Paulo,SP,4,Sim,1,715,7.67,93156.23,16,790.64,-75.63846569,-23.65005094,-46.64809546
9801675008,Fortaleza,CE,2,Sim,1,410,2,35796.74,2,555.21,-145.2076132,-3.785866303,-38.52800282
5815796054,São Paulo,SP,2,Sim,1,784,2,93156.23,2,556.4,227.5966975,-23.65005094,-46.64809546
5636795795,São Paulo,SP,3,Sim,1,576,2.67,93156.23,2,583.96,-7.960380539,-23.65005094,-46.64809546
4317959278,Fortaleza,CE,0,Não,0,387,0,35796.74,0,472.54,-85.5363791,-3.785866303,-38.52800282
5287332796,Belo Horizonte,MG,0,Não,0,554,0.33,56227.29,1,486.74,67.2591961,-19.90269606,-43.9599942
2638138352,Rio de Janeiro,RJ,2,Sim,1,511,2,67371.97,2,555.87,-44.86581581,-22.92316461,-43.45109396
9074235998,Fortaleza,CE,0,Não,0,564,0,35796.74,0,472.54,91.4636209,-3.785866303,-38.52800282
9069733062,Belo Horizonte,MG,4,Sim,1,606,3.67,56227.29,4,624.53,-18.52619401,-19.90269606,-43.9599942
5435841693,Belo Horizonte,MG,3,Sim,1,774,7.33,56227.29,16,776.09,-2.090123119,-19.90269606,-43.9599942
9952378077,Manaus,AM,2,Sim,1,526,2.33,61855.15,3,569.53,-43.52935368,-2.625918589,-60.25963252
4253304820,Fortaleza,CE,0,Não,0,493,0,35796.74,0,472.54,20.4636209,-3.785866303,-38.52800282
4237463010,São Paulo,SP,3,Sim,1,526,2.67,93156.23,2,583.96,-57.96038054,-23.65005094,-46.64809546
2946744482,Belo Horizonte,MG,2,Sim,1,665,2,56227.29,2,555.63,109.366501,-19.90269606,-43.9599942
3950069149,Manaus,AM,2,Sim,1,549,2,61855.15,2,555.75,-6.750814668,-2.625918589,-60.25963252
5743706835,Rio de Janeiro,RJ,3,Sim,1,537,3,67371.97,3,597.2,-60.20143284,-22.92316461,-43.45109396
5256555280,São Paulo,SP,2,Sim,1,620,2.33,93156.23,3,570.18,49.81815847,-23.65005094,-46.64809546
9832529025,Belo Horizonte,MG,3,Sim,1,672,2.67,56227.29,2,583.19,88.80942303,-19.90269606,-43.9599942
7948084254,São Paulo,SP,2,Sim,1,685,2,93156.23,2,556.4,128.5966975,-23.65005094,-46.64809546
2951729000,Rio de Janeiro,RJ,3,Sim,1,533,2.67,67371.97,2,583.42,-50.42289383,-22.92316461,-43.45109396
3252436935,Belo Horizonte,MG,2,Sim,1,485,2.33,56227.29,3,569.41,-84.41203796,-19.90269606,-43.9599942
6450537815,São Paulo,SP,0,Não,0,573,0,93156.23,0,473.73,99.26793154,-23.65005094,-46.64809546
2152236735,Rio de Janeiro,RJ,2,Sim,1,631,2,67371.97,2,555.87,75.13418419,-22.92316461,-43.45109396
1484459090,Manaus,AM,2,Sim,1,574,2,61855.15,2,555.75,18.24918533,-2.625918589,-60.25963252
3064367576,São Paulo,SP,3,Sim,1,678,2.67,93156.23,2,583.96,94.03961946,-23.65005094,-46.64809546
1657708983,Belo Horizonte,MG,0,Não,0,427,0.33,56227.29,1,486.74,-59.7408039,-19.90269606,-43.9599942
4147023129,São Paulo,SP,0,Sim,1,443,0.33,93156.23,0,487.51,-44.51060747,-23.65005094,-46.64809546
5086415032,São Paulo,SP,1,Sim,1,418,1,93156.23,1,515.07,-97.06768549,-23.65005094,-46.64809546
2785737078,Fortaleza,CE,1,Não,0,627,0.33,35796.74,0,486.31,140.6850819,-3.785866303,-38.52800282
4213639355,Rio de Janeiro,RJ,2,Sim,1,499,2,67371.97,2,555.87,-56.86581581,-22.92316461,-43.45109396
1203648583,São Paulo,SP,1,Sim,1,453,1,93156.23,1,515.07,-62.06768549,-23.65005094,-46.64809546
5833735673,Belo Horizonte,MG,3,Sim,1,650,2.67,56227.29,2,583.19,66.80942303,-19.90269606,-43.9599942
8435030694,Fortaleza,CE,1,Não,0,533,0.67,35796.74,1,500.09,32.90654288,-3.785866303,-38.52800282
1506542730,São Paulo,SP,2,Sim,1,567,2,93156.23,2,556.4,10.59669748,-23.65005094,-46.64809546
4725259836,São Paulo,SP,1,Não,0,461,0.33,93156.23,0,487.51,-26.51060747,-23.65005094,-46.64809546
4395613875,Belo Horizonte,MG,3,Sim,1,568,2.67,56227.29,2,583.19,-15.19057697,-19.90269606,-43.9599942
4021631209,Manaus,AM,0,Sim,1,423,0.33,61855.15,0,486.86,-63.85811962,-2.625918589,-60.25963252
8833168892,São Paulo,SP,2,Sim,1,602,2.33,93156.23,3,570.18,31.81815847,-23.65005094,-46.64809546
9031286305,Belo Horizonte,MG,1,Sim,1,346,1,56227.29,1,514.3,-168.2978819,-19.90269606,-43.9599942
5027569744,Fortaleza,CE,3,Sim,1,596,7.33,35796.74,16,775.66,-179.6642373,-3.785866303,-38.52800282
7384003431,Fortaleza,CE,0,Sim,1,518,0.33,35796.74,0,486.31,31.68508189,-3.785866303,-38.52800282
1242242007,São Paulo,SP,0,Sim,1,364,0.67,93156.23,1,501.29,-137.2891465,-23.65005094,-46.64809546
9886244434,São Paulo,SP,3,Sim,1,676,7.33,93156.23,16,776.86,-100.8599267,-23.65005094,-46.64809546
6713628027,Belo Horizonte,MG,0,Sim,1,367,0.33,56227.29,0,486.74,-119.7408039,-19.90269606,-43.9599942
6185238973,Rio de Janeiro,RJ,0,Sim,1,405,0.67,67371.97,1,500.75,-95.75165977,-22.92316461,-43.45109396
5307174266,Manaus,AM,1,Não,0,362,0.67,61855.15,1,500.64,-138.6366586,-2.625918589,-60.25963252
8147143908,Fortaleza,CE,3,Sim,1,701,3.33,35796.74,4,610.32,90.6782308,-3.785866303,-38.52800282
4857412508,São Paulo,SP,0,Não,0,578,0.33,93156.23,1,487.51,90.48939253,-23.65005094,-46.64809546
7712304751,Belo Horizonte,MG,3,Sim,1,634,3,56227.29,3,596.97,37.03088401,-19.90269606,-43.9599942
1722673113,Manaus,AM,0,Sim,1,473,0.33,61855.15,0,486.86,-13.85811962,-2.625918589,-60.25963252
3535860828,Fortaleza,CE,2,Sim,1,598,2,35796.74,2,555.21,42.79238684,-3.785866303,-38.52800282
5317791458,Manaus,AM,3,Sim,1,532,2.67,61855.15,2,583.31,-51.30789269,-2.625918589,-60.25963252
6724977717,São Paulo,SP,1,Sim,1,375,1,93156.23,1,515.07,-140.0676855,-23.65005094,-46.64809546
6172165497,Manaus,AM,2,Sim,1,721,2,61855.15,2,555.75,165.2491853,-2.625918589,-60.25963252
5213489575,Belo Horizonte,MG,1,Não,0,429,0.67,56227.29,1,500.52,-71.51934291,-19.90269606,-43.9599942
9859324275,Manaus,AM,0,Sim,1,394,0.33,61855.15,0,486.86,-92.85811962,-2.625918589,-60.25963252
3788416355,Rio de Janeiro,RJ,0,Sim,1,465,0.33,67371.97,0,486.97,-21.97312076,-22.92316461,-43.45109396
1107974278,São Paulo,SP,1,Não,0,596,0.33,93156.23,0,487.51,108.4893925,-23.65005094,-46.64809546
8182382889,Fortaleza,CE,0,Sim,1,461,0.67,35796.74,1,500.09,-39.09345712,-3.785866303,-38.52800282
4312807676,Rio de Janeiro,RJ,3,Sim,1,545,3,67371.97,3,597.2,-52.20143284,-22.92316461,-43.45109396
6187335345,Belo Horizonte,MG,3,Sim,1,768,3.33,56227.29,4,610.75,157.252345,-19.90269606,-43.9599942
1173216715,São Paulo,SP,2,Sim,1,654,2.33,93156.23,3,570.18,83.81815847,-23.65005094,-46.64809546
9529472890,São Paulo,SP,0,Não,0,335,0.33,93156.23,1,487.51,-152.5106075,-23.65005094,-46.64809546
6759956247,Fortaleza,CE,4,Sim,1,855,3.67,35796.74,4,624.1,230.8996918,-3.785866303,-38.52800282
6055698173,São Paulo,SP,2,Sim,1,707,2.33,93156.23,3,570.18,136.8181585,-23.65005094,-46.64809546
2986934641,Manaus,AM,2,Sim,1,648,2,61855.15,2,555.75,92.24918533,-2.625918589,-60.25963252
9704510415,Manaus,AM,3,Sim,1,650,2.67,61855.15,2,583.31,66.69210731,-2.625918589,-60.25963252
4564963213,Belo Horizonte,MG,4,Sim,1,727,7.67,56227.29,16,789.87,-62.86866213,-19.90269606,-43.9599942
1847457035,Fortaleza,CE,4,Sim,1,692,7.67,35796.74,16,789.44,-97.44277633,-3.785866303,-38.52800282
5293711608,São Paulo,SP,2,Sim,1,691,2.33,93156.23,3,570.18,120.8181585,-23.65005094,-46.64809546
4392442715,São Paulo,SP,1,Sim,1,447,1,93156.23,1,515.07,-68.06768549,-23.65005094,-46.64809546
6556664929,Fortaleza,CE,0,Não,0,548,0.33,35796.74,1,486.31,61.68508189,-3.785866303,-38.52800282
1733053996,Rio de Janeiro,RJ,0,Não,0,404,0.33,67371.97,1,486.97,-82.97312076,-22.92316461,-43.45109396
3020230507,São Paulo,SP,1,Sim,1,471,1,93156.23,1,515.07,-44.06768549,-23.65005094,-46.64809546
4686685591,Fortaleza,CE,4,Sim,1,689,3.67,35796.74,4,624.1,64.89969179,-3.785866303,-38.52800282
7246955750,Rio de Janeiro,RJ,4,Sim,1,822,3.67,67371.97,4,624.76,197.2414891,-22.92316461,-43.45109396
9596740587,Manaus,AM,0,Não,0,386,0,61855.15,0,473.08,-87.07958061,-2.625918589,-60.25963252
5500944179,Fortaleza,CE,3,Sim,1,559,3.33,35796.74,4,610.32,-51.3217692,-3.785866303,-38.52800282
5344471150,Belo Horizonte,MG,1,Sim,1,571,0.67,56227.29,0,500.52,70.48065709,-19.90269606,-43.9599942
1855052030,Fortaleza,CE,3,Sim,1,578,2.67,35796.74,2,582.76,-4.764691178,-3.785866303,-38.52800282
2933144450,Fortaleza,CE,1,Sim,1,557,0.67,35796.74,0,500.09,56.90654288,-3.785866303,-38.52800282
1227830316,Belo Horizonte,MG,2,Sim,1,538,2.33,56227.29,3,569.41,-31.41203796,-19.90269606,-43.9599942
3426966957,São Paulo,SP,2,Sim,1,545,2.33,93156.23,3,570.18,-25.18184153,-23.65005094,-46.64809546
4916462519,São Paulo,SP,2,Sim,1,534,2,93156.23,2,556.4,-22.40330252,-23.65005094,-46.64809546
5132557014,São Paulo,SP,0,Não,0,547,0.33,93156.23,1,487.51,59.48939253,-23.65005094,-46.64809546
9655496581,Fortaleza,CE,3,Sim,1,792,3.33,35796.74,4,610.32,181.6782308,-3.785866303,-38.52800282
5660900569,São Paulo,SP,1,Não,0,580,0.67,93156.23,1,501.29,78.71085352,-23.65005094,-46.64809546
1152824154,Manaus,AM,1,Sim,1,469,0.67,61855.15,0,500.64,-31.63665863,-2.625918589,-60.25963252
6073292875,Belo Horizonte,MG,0,Não,0,427,0.33,56227.29,1,486.74,-59.7408039,-19.90269606,-43.9599942
9685594048,Rio de Janeiro,RJ,3,Sim,1,786,3.33,67371.97,4,610.98,175.0200281,-22.92316461,-43.45109396
5953664220,São Paulo,SP,3,Sim,1,811,3.33,93156.23,4,611.52,199.4825414,-23.65005094,-46.64809546
4963954512,São Paulo,SP,3,Sim,1,664,3,93156.23,3,597.74,66.26108045,-23.65005094,-46.64809546
5105639992,Manaus,AM,4,Sim,1,592,3.67,61855.15,4,624.64,-32.64350972,-2.625918589,-60.25963252
2831400069,Manaus,AM,1,Sim,1,450,1,61855.15,1,514.42,-64.41519764,-2.625918589,-60.25963252
3920775582,Rio de Janeiro,RJ,2,Sim,1,637,2.33,67371.97,3,569.64,67.35564518,-22.92316461,-43.45109396
6686088110,Manaus,AM,0,Sim,1,467,0.33,61855.15,0,486.86,-19.85811962,-2.625918589,-60.25963252
1547936741,Belo Horizonte,MG,0,Sim,1,505,0.67,56227.29,1,500.52,4.480657087,-19.90269606,-43.9599942
8927258006,Belo Horizonte,MG,2,Sim,1,696,2.33,56227.29,3,569.41,126.587962,-19.90269606,-43.9599942
2774656788,Belo Horizonte,MG,0,Sim,1,302,0.67,56227.29,1,500.52,-198.5193429,-19.90269606,-43.9599942
2801257011,Belo Horizonte,MG,2,Sim,1,679,2,56227.29,2,555.63,123.366501,-19.90269606,-43.9599942
9930037620,São Paulo,SP,3,Sim,1,473,3,93156.23,3,597.74,-124.7389195,-23.65005094,-46.64809546
2151100613,São Paulo,SP,0,Não,0,428,0.33,93156.23,1,487.51,-59.51060747,-23.65005094,-46.64809546
8595310674,Fortaleza,CE,0,Não,0,406,0.33,35796.74,1,486.31,-80.31491811,-3.785866303,-38.52800282
8571164264,São Paulo,SP,3,Sim,1,704,3.33,93156.23,4,611.52,92.48254144,-23.65005094,-46.64809546
9627168044,São Paulo,SP,2,Sim,1,746,2,93156.23,2,556.4,189.5966975,-23.65005094,-46.64809546
4067264414,São Paulo,SP,0,Não,0,657,0,93156.23,0,473.73,183.2679315,-23.65005094,-46.64809546
9931469178,Rio de Janeiro,RJ,4,Sim,1,788,7.67,67371.97,16,790.1,-2.100978989,-22.92316461,-43.45109396
5750629177,Belo Horizonte,MG,0,Sim,1,355,0.33,56227.29,0,486.74,-131.7408039,-19.90269606,-43.9599942
1439049468,Fortaleza,CE,1,Sim,1,556,1,35796.74,1,513.87,42.12800387,-3.785866303,-38.52800282
4703700283,Belo Horizonte,MG,3,Sim,1,730,7.33,56227.29,16,776.09,-46.09012312,-19.90269606,-43.9599942
9137235932,Rio de Janeiro,RJ,1,Sim,1,452,0.67,67371.97,0,500.75,-48.75165977,-22.92316461,-43.45109396
7463388122,Fortaleza,CE,3,Sim,1,693,3.33,35796.74,4,610.32,82.6782308,-3.785866303,-38.52800282
2795857631,Fortaleza,CE,3,Sim,1,534,2.67,35796.74,2,582.76,-48.76469118,-3.785866303,-38.52800282
4086379579,São Paulo,SP,2,Sim,1,537,2.33,93156.23,3,570.18,-33.18184153,-23.65005094,-46.64809546
5776426721,Rio de Janeiro,RJ,1,Sim,1,393,0.67,67371.97,0,500.75,-107.7516598,-22.92316461,-43.45109396
5330178834,Belo Horizonte,MG,1,Sim,1,291,1,56227.29,1,514.3,-223.2978819,-19.90269606,-43.9599942
7695170569,Fortaleza,CE,4,Sim,1,722,3.67,35796.74,4,624.1,97.89969179,-3.785866303,-38.52800282
5442117698,Fortaleza,CE,3,Sim,1,732,7.33,35796.74,16,775.66,-43.66423732,-3.785866303,-38.52800282
9629626899,Rio de Janeiro,RJ,3,Sim,1,589,2.67,67371.97,2,583.42,5.577106165,-22.92316461,-43.45109396
6623969654,Rio de Janeiro,RJ,3,Sim,1,684,3,67371.97,3,597.2,86.79856716,-22.92316461,-43.45109396
8122274599,Manaus,AM,3,Sim,1,562,2.67,61855.15,2,583.31,-21.30789269,-2.625918589,-60.25963252
4557857033,Belo Horizonte,MG,3,Sim,1,596,2.67,56227.29,2,583.19,12.80942303,-19.90269606,-43.9599942
4195668058,São Paulo,SP,2,Sim,1,642,2.33,93156.23,3,570.18,71.81815847,-23.65005094,-46.64809546
8872381487,Fortaleza,CE,3,Sim,1,676,3,35796.74,3,596.54,79.45676981,-3.785866303,-38.52800282
6240144670,Manaus,AM,3,Sim,1,620,2.67,61855.15,2,583.31,36.69210731,-2.625918589,-60.25963252
1656966234,Belo Horizonte,MG,2,Sim,1,615,2,56227.29,2,555.63,59.36650105,-19.90269606,-43.9599942
1518744106,Rio de Janeiro,RJ,1,Não,0,474,0.67,67371.97,1,500.75,-26.75165977,-22.92316461,-43.45109396
3218550386,Belo Horizonte,MG,1,Não,0,394,0.67,56227.29,1,500.52,-106.5193429,-19.90269606,-43.9599942
8507274923,Belo Horizonte,MG,3,Sim,1,560,3,56227.29,3,596.97,-36.96911599,-19.90269606,-43.9599942
2793745877,Belo Horizonte,MG,3,Sim,1,669,7.33,56227.29,16,776.09,-107.0901231,-19.90269606,-43.9599942
4401446656,Manaus,AM,3,Sim,1,801,3.33,61855.15,4,610.86,190.1350293,-2.625918589,-60.25963252
2456700559,Fortaleza,CE,3,Sim,1,616,3,35796.74,3,596.54,19.45676981,-3.785866303,-38.52800282
8979573299,Rio de Janeiro,RJ,1,Sim,1,386,1,67371.97,1,514.53,-128.5301988,-22.92316461,-43.45109396
1502704745,Manaus,AM,2,Sim,1,570,2.33,61855.15,3,569.53,0.470646322,-2.625918589,-60.25963252
8372878047,Fortaleza,CE,1,Não,0,349,0.33,35796.74,0,486.31,-137.3149181,-3.785866303,-38.52800282
7342036572,Rio de Janeiro,RJ,2,Sim,1,520,2.33,67371.97,3,569.64,-49.64435482,-22.92316461,-43.45109396
7666479989,Manaus,AM,3,Sim,1,680,3,61855.15,3,597.09,82.9135683,-2.625918589,-60.25963252
6782168653,Manaus,AM,3,Sim,1,648,3,61855.15,3,597.09,50.9135683,-2.625918589,-60.25963252
4261721454,Belo Horizonte,MG,3,Sim,1,690,3,56227.29,3,596.97,93.03088401,-19.90269606,-43.9599942
6591337289,Fortaleza,CE,1,Não,0,310,0.67,35796.74,1,500.09,-190.0934571,-3.785866303,-38.52800282
2473362815,Fortaleza,CE,1,Sim,1,474,0.67,35796.74,0,500.09,-26.09345712,-3.785866303,-38.52800282
4428556391,Rio de Janeiro,RJ,4,Sim,1,689,3.67,67371.97,4,624.76,64.24148913,-22.92316461,-43.45109396
5330897532,Manaus,AM,0,Sim,1,478,0.67,61855.15,1,500.64,-22.63665863,-2.625918589,-60.25963252
9246826020,Rio de Janeiro,RJ,3,Sim,1,739,7.33,67371.97,16,776.32,-37.32243998,-22.92316461,-43.45109396
4952539735,São Paulo,SP,2,Sim,1,524,2,93156.23,2,556.4,-32.40330252,-23.65005094,-46.64809546
8883690777,Manaus,AM,1,Sim,1,455,1,61855.15,1,514.42,-59.41519764,-2.625918589,-60.25963252
3971459740,Belo Horizonte,MG,0,Sim,1,512,0.67,56227.29,1,500.52,11.48065709,-19.90269606,-43.9599942
5778168890,Manaus,AM,0,Sim,1,441,0.67,61855.15,1,500.64,-59.63665863,-2.625918589,-60.25963252
4510759757,Fortaleza,CE,0,Não,0,347,0.33,35796.74,1,486.31,-139.3149181,-3.785866303,-38.52800282
8293356651,São Paulo,SP,4,Sim,1,897,3.67,93156.23,4,625.3,271.7040024,-23.65005094,-46.64809546
6045083610,São Paulo,SP,1,Não,0,459,0.67,93156.23,1,501.29,-42.28914648,-23.65005094,-46.64809546
1679148417,Belo Horizonte,MG,1,Sim,1,491,0.67,56227.29,0,500.52,-9.519342913,-19.90269606,-43.9599942
8035170333,Manaus,AM,1,Não,0,404,0.67,61855.15,1,500.64,-96.63665863,-2.625918589,-60.25963252
6221133033,Rio de Janeiro,RJ,3,Sim,1,636,2.67,67371.97,2,583.42,52.57710617,-22.92316461,-43.45109396
4156727820,São Paulo,SP,3,Sim,1,688,3,93156.23,3,597.74,90.26108045,-23.65005094,-46.64809546
8393739690,Fortaleza,CE,2,Sim,1,815,2.33,35796.74,3,568.99,246.0138478,-3.785866303,-38.52800282
9504258363,São Paulo,SP,1,Sim,1,445,1,93156.23,1,515.07,-70.06768549,-23.65005094,-46.64809546
2345911329,Rio de Janeiro,RJ,1,Não,0,385,0.67,67371.97,1,500.75,-115.7516598,-22.92316461,-43.45109396
8774429526,Belo Horizonte,MG,2,Sim,1,671,2.33,56227.29,3,569.41,101.587962,-19.90269606,-43.9599942
1730704214,Manaus,AM,4,Sim,1,696,7.67,61855.15,16,789.99,-93.98597784,-2.625918589,-60.25963252
7708658773,Rio de Janeiro,RJ,2,Sim,1,636,2,67371.97,2,555.87,80.13418419,-22.92316461,-43.45109396
3391489944,Belo Horizonte,MG,0,Sim,1,544,0.33,56227.29,0,486.74,57.2591961,-19.90269606,-43.9599942
7122748053,São Paulo,SP,2,Sim,1,485,2,93156.23,2,556.4,-71.40330252,-23.65005094,-46.64809546
8247209548,Manaus,AM,3,Sim,1,663,2.67,61855.15,2,583.31,79.69210731,-2.625918589,-60.25963252
7671921162,Belo Horizonte,MG,0,Sim,1,335,0.33,56227.29,0,486.74,-151.7408039,-19.90269606,-43.9599942
2969920930,Fortaleza,CE,3,Sim,1,840,7.33,35796.74,16,775.66,64.33576268,-3.785866303,-38.52800282
1710260564,São Paulo,SP,2,Sim,1,567,2.33,93156.23,3,570.18,-3.181841528,-23.65005094,-46.64809546
3962246000,Belo Horizonte,MG,4,Sim,1,829,3.67,56227.29,4,624.53,204.473806,-19.90269606,-43.9599942
3483478035,São Paulo,SP,3,Sim,1,893,7.33,93156.23,16,776.86,116.1400733,-23.65005094,-46.64809546
3571127133,São Paulo,SP,1,Não,0,417,0.33,93156.23,0,487.51,-70.51060747,-23.65005094,-46.64809546
9042644186,Fortaleza,CE,2,Sim,1,697,2,35796.74,2,555.21,141.7923868,-3.785866303,-38.52800282
2951077907,Manaus,AM,1,Não,0,298,0.67,61855.15,1,500.64,-202.6366586,-2.625918589,-60.25963252
4016860309,Rio de Janeiro,RJ,3,Sim,1,542,3,67371.97,3,597.2,-55.20143284,-22.92316461,-43.45109396
7517323220,Manaus,AM,4,Sim,1,784,7.67,61855.15,16,789.99,-5.985977843,-2.625918589,-60.25963252
6616632623,Belo Horizonte,MG,4,Sim,1,685,7.67,56227.29,16,789.87,-104.8686621,-19.90269606,-43.9599942
6158998614,São Paulo,SP,1,Sim,1,464,1,93156.23,1,515.07,-51.06768549,-23.65005094,-46.64809546
6480887797,Fortaleza,CE,4,Sim,1,689,3.67,35796.74,4,624.1,64.89969179,-3.785866303,-38.52800282
2816205988,São Paulo,SP,3,Sim,1,730,3.33,93156.23,4,611.52,118.4825414,-23.65005094,-46.64809546
9783705806,Fortaleza,CE,3,Sim,1,539,3,35796.74,3,596.54,-57.54323019,-3.785866303,-38.52800282
3684469624,Manaus,AM,0,Não,0,512,0,61855.15,0,473.08,38.92041939,-2.625918589,-60.25963252
3095414069,Manaus,AM,4,Sim,1,808,7.67,61855.15,16,789.99,18.01402216,-2.625918589,-60.25963252
6104002710,Manaus,AM,3,Sim,1,751,7.33,61855.15,16,776.21,-25.20743883,-2.625918589,-60.25963252
6251238468,Rio de Janeiro,RJ,3,Sim,1,590,3.33,67371.97,4,610.98,-20.97997186,-22.92316461,-43.45109396
9769557103,Rio de Janeiro,RJ,2,Sim,1,605,2,67371.97,2,555.87,49.13418419,-22.92316461,-43.45109396
3009396957,São Paulo,SP,3,Sim,1,689,3,93156.23,3,597.74,91.26108045,-23.65005094,-46.64809546
8343555319,São Paulo,SP,4,Sim,1,714,3.67,93156.23,4,625.3,88.70400243,-23.65005094,-46.64809546
6448411443,Belo Horizonte,MG,0,Sim,1,502,0.67,56227.29,1,500.52,1.480657087,-19.90269606,-43.9599942
2545683994,Fortaleza,CE,3,Sim,1,488,3,35796.74,3,596.54,-108.5432302,-3.785866303,-38.52800282
9425181764,Rio de Janeiro,RJ,4,Sim,1,640,7.67,67371.97,16,790.1,-150.100979,-22.92316461,-43.45109396
7430226667,São Paulo,SP,1,Sim,1,608,1,93156.23,1,515.07,92.93231451,-23.65005094,-46.64809546
6198893614,Rio de Janeiro,RJ,1,Não,0,591,0.33,67371.97,0,486.97,104.0268792,-22.92316461,-43.45109396
8598526738,Manaus,AM,3,Sim,1,696,3,61855.15,3,597.09,98.9135683,-2.625918589,-60.25963252
3297395578,São Paulo,SP,4,Sim,1,686,3.67,93156.23,4,625.3,60.70400243,-23.65005094,-46.64809546
5621814250,Manaus,AM,0,Não,0,398,0.33,61855.15,1,486.86,-88.85811962,-2.625918589,-60.25963252
1822457928,São Paulo,SP,0,Não,0,385,0,93156.23,0,473.73,-88.73206846,-23.65005094,-46.64809546
1000226884,São Paulo,SP,3,Sim,1,592,2.67,93156.23,2,583.96,8.039619461,-23.65005094,-46.64809546
6179832453,São Paulo,SP,4,Sim,1,749,3.67,93156.23,4,625.3,123.7040024,-23.65005094,-46.64809546
9301511298,Belo Horizonte,MG,0,Sim,1,426,0.67,56227.29,1,500.52,-74.51934291,-19.90269606,-43.9599942
3383135241,São Paulo,SP,0,Sim,1,434,0.67,93156.23,1,501.29,-67.28914648,-23.65005094,-46.64809546
3725306795,Fortaleza,CE,4,Sim,1,724,7.67,35796.74,16,789.44,-65.44277633,-3.785866303,-38.52800282
7233748458,Rio de Janeiro,RJ,2,Sim,1,597,2,67371.97,2,555.87,41.13418419,-22.92316461,-43.45109396
8282067468,Belo Horizonte,MG,1,Não,0,516,0.33,56227.29,0,486.74,29.2591961,-19.90269606,-43.9599942
9224373393,Fortaleza,CE,2,Sim,1,502,2.33,35796.74,3,568.99,-66.98615217,-3.785866303,-38.52800282
2127739751,Manaus,AM,0,Não,0,442,0,61855.15,0,473.08,-31.07958061,-2.625918589,-60.25963252
5111630660,Belo Horizonte,MG,2,Sim,1,573,2,56227.29,2,555.63,17.36650105,-19.90269606,-43.9599942
8385068388,Rio de Janeiro,RJ,2,Sim,1,549,2,67371.97,2,555.87,-6.865815814,-22.92316461,-43.45109396
1101860974,São Paulo,SP,4,Sim,1,834,7.67,93156.23,16,790.64,43.36153431,-23.65005094,-46.64809546
3623995341,São Paulo,SP,4,Sim,1,734,3.67,93156.23,4,625.3,108.7040024,-23.65005094,-46.64809546
5161984908,Belo Horizonte,MG,3,Sim,1,872,7.33,56227.29,16,776.09,95.90987688,-19.90269606,-43.9599942
4761176060,Manaus,AM,2,Sim,1,791,2.33,61855.15,3,569.53,221.4706463,-2.625918589,-60.25963252
1770947773,Fortaleza,CE,3,Sim,1,697,7.33,35796.74,16,775.66,-78.66423732,-3.785866303,-38.52800282
2502644517,Belo Horizonte,MG,3,Sim,1,681,3.33,56227.29,4,610.75,70.252345,-19.90269606,-43.9599942
4115524634,Fortaleza,CE,3,Sim,1,662,3,35796.74,3,596.54,65.45676981,-3.785866303,-38.52800282
9342118992,Rio de Janeiro,RJ,3,Sim,1,618,3.33,67371.97,4,610.98,7.020028145,-22.92316461,-43.45109396
1591687295,Fortaleza,CE,1,Sim,1,357,1,35796.74,1,513.87,-156.8719961,-3.785866303,-38.52800282
6771807146,Belo Horizonte,MG,4,Sim,1,689,7.67,56227.29,16,789.87,-100.8686621,-19.90269606,-43.9599942
4271660023,Belo Horizonte,MG,2,Sim,1,498,2,56227.29,2,555.63,-57.63349895,-19.90269606,-43.9599942
2701818613,Fortaleza,CE,2,Sim,1,557,2,35796.74,2,555.21,1.792386843,-3.785866303,-38.52800282
2269602137,Fortaleza,CE,1,Sim,1,434,1,35796.74,1,513.87,-79.87199613,-3.785866303,-38.52800282
8341375316,Rio de Janeiro,RJ,2,Sim,1,635,2,67371.97,2,555.87,79.13418419,-22.92316461,-43.45109396
4398834079,Belo Horizonte,MG,0,Sim,1,377,0.67,56227.29,1,500.52,-123.5193429,-19.90269606,-43.9599942
7717874059,Rio de Janeiro,RJ,1,Não,0,627,0.33,67371.97,0,486.97,140.0268792,-22.92316461,-43.45109396
2279813475,Fortaleza,CE,3,Sim,1,569,2.67,35796.74,2,582.76,-13.76469118,-3.785866303,-38.52800282
5076406964,Fortaleza,CE,2,Sim,1,620,2.33,35796.74,3,568.99,51.01384783,-3.785866303,-38.52800282
9624759032,Manaus,AM,2,Sim,1,628,2,61855.15,2,555.75,72.24918533,-2.625918589,-60.25963252
6069590274,Belo Horizonte,MG,2,Sim,1,735,2.33,56227.29,3,569.41,165.587962,-19.90269606,-43.9599942
2748797909,Fortaleza,CE,3,Sim,1,707,3.33,35796.74,4,610.32,96.6782308,-3.785866303,-38.52800282
1226096147,Belo Horizonte,MG,1,Não,0,414,0.67,56227.29,1,500.52,-86.51934291,-19.90269606,-43.9599942
3569174018,São Paulo,SP,0,Sim,1,418,0.33,93156.23,0,487.51,-69.51060747,-23.65005094,-46.64809546
5076265885,Manaus,AM,0,Sim,1,491,0.67,61855.15,1,500.64,-9.636658627,-2.625918589,-60.25963252
5550571283,São Paulo,SP,2,Sim,1,642,2,93156.23,2,556.4,85.59669748,-23.65005094,-46.64809546
2129875823,Fortaleza,CE,3,Sim,1,642,2.67,35796.74,2,582.76,59.23530882,-3.785866303,-38.52800282
8366886191,Manaus,AM,3,Sim,1,432,3,61855.15,3,597.09,-165.0864317,-2.625918589,-60.25963252
6683075252,Belo Horizonte,MG,0,Sim,1,392,0.67,56227.29,1,500.52,-108.5193429,-19.90269606,-43.9599942
5923634837,Belo Horizonte,MG,3,Sim,1,451,3,56227.29,3,596.97,-145.969116,-19.90269606,-43.9599942
5252772640,Manaus,AM,0,Sim,1,392,0.33,61855.15,0,486.86,-94.85811962,-2.625918589,-60.25963252
2918140547,Rio de Janeiro,RJ,3,Sim,1,719,2.67,67371.97,2,583.42,135.5771062,-22.92316461,-43.45109396
3199753212,São Paulo,SP,3,Sim,1,605,2.67,93156.23,2,583.96,21.03961946,-23.65005094,-46.64809546
6019535328,Manaus,AM,0,Sim,1,431,0.67,61855.15,1,500.64,-69.63665863,-2.625918589,-60.25963252
4454529484,Manaus,AM,3,Sim,1,659,2.67,61855.15,2,583.31,75.69210731,-2.625918589,-60.25963252
2560466727,Fortaleza,CE,0,Não,0,348,0,35796.74,0,472.54,-124.5363791,-3.785866303,-38.52800282
3127373094,Manaus,AM,0,Sim,1,535,0.67,61855.15,1,500.64,34.36334137,-2.625918589,-60.25963252
7686595823,Rio de Janeiro,RJ,0,Sim,1,462,0.67,67371.97,1,500.75,-38.75165977,-22.92316461,-43.45109396
8293779838,Rio de Janeiro,RJ,0,Não,0,490,0,67371.97,0,473.19,16.80541825,-22.92316461,-43.45109396
8053663260,São Paulo,SP,3,Sim,1,629,2.67,93156.23,2,583.96,45.03961946,-23.65005094,-46.64809546
2560676057,Belo Horizonte,MG,0,Sim,1,602,0.67,56227.29,1,500.52,101.4806571,-19.90269606,-43.9599942
9542156132,Belo Horizonte,MG,3,Sim,1,716,3,56227.29,3,596.97,119.030884,-19.90269606,-43.9599942
3880647757,Rio de Janeiro,RJ,3,Sim,1,663,3.33,67371.97,4,610.98,52.02002814,-22.92316461,-43.45109396
5484341947,São Paulo,SP,0,Não,0,457,0,93156.23,0,473.73,-16.73206846,-23.65005094,-46.64809546
9300209533,Fortaleza,CE,0,Sim,1,418,0.33,35796.74,0,486.31,-68.31491811,-3.785866303,-38.52800282
8288950916,Rio de Janeiro,RJ,1,Não,0,487,0.33,67371.97,0,486.97,0.026879237,-22.92316461,-43.45109396
8343986266,Belo Horizonte,MG,1,Sim,1,480,0.67,56227.29,0,500.52,-20.51934291,-19.90269606,-43.9599942
4542159034,Belo Horizonte,MG,1,Sim,1,520,1,56227.29,1,514.3,5.702118077,-19.90269606,-43.9599942
8378483345,Rio de Janeiro,RJ,1,Não,0,429,0.67,67371.97,1,500.75,-71.75165977,-22.92316461,-43.45109396
5053542417,São Paulo,SP,1,Sim,1,403,0.67,93156.23,0,501.29,-98.28914648,-23.65005094,-46.64809546
7210296385,Fortaleza,CE,3,Sim,1,599,3,35796.74,3,596.54,2.456769812,-3.785866303,-38.52800282
5571585172,Rio de Janeiro,RJ,0,Não,0,362,0,67371.97,0,473.19,-111.1945818,-22.92316461,-43.45109396
5483536161,Manaus,AM,3,Sim,1,670,7.33,61855.15,16,776.21,-106.2074388,-2.625918589,-60.25963252
2057724759,Manaus,AM,1,Não,0,367,0.33,61855.15,0,486.86,-119.8581196,-2.625918589,-60.25963252
6542564925,Fortaleza,CE,3,Sim,1,554,3.33,35796.74,4,610.32,-56.3217692,-3.785866303,-38.52800282
2197247069,Rio de Janeiro,RJ,3,Sim,1,596,2.67,67371.97,2,583.42,12.57710617,-22.92316461,-43.45109396
1204368250,Manaus,AM,0,Sim,1,405,0.67,61855.15,1,500.64,-95.63665863,-2.625918589,-60.25963252
3589881769,Belo Horizonte,MG,1,Sim,1,429,0.67,56227.29,0,500.52,-71.51934291,-19.90269606,-43.9599942
8182314644,São Paulo,SP,3,Sim,1,606,3,93156.23,3,597.74,8.261080451,-23.65005094,-46.64809546
3284732324,Fortaleza,CE,2,Sim,1,545,2,35796.74,2,555.21,-10.20761316,-3.785866303,-38.52800282
1839969531,Rio de Janeiro,RJ,3,Sim,1,569,3,67371.97,3,597.2,-28.20143284,-22.92316461,-43.45109396
2095232329,Rio de Janeiro,RJ,3,Sim,1,702,7.33,67371.97,16,776.32,-74.32243998,-22.92316461,-43.45109396
3481356242,São Paulo,SP,3,Sim,1,682,2.67,93156.23,2,583.96,98.03961946,-23.65005094,-46.64809546
7005006356,Fortaleza,CE,2,Sim,1,522,2,35796.74,2,555.21,-33.20761316,-3.785866303,-38.52800282
1320669315,Belo Horizonte,MG,1,Não,0,441,0.33,56227.29,0,486.74,-45.7408039,-19.90269606,-43.9599942
6521288145,São Paulo,SP,3,Sim,1,607,7.33,93156.23,16,776.86,-169.8599267,-23.65005094,-46.64809546
8128876226,São Paulo,SP,3,Sim,1,686,3.33,93156.23,4,611.52,74.48254144,-23.65005094,-46.64809546
4474776935,Manaus,AM,0,Não,0,412,0.33,61855.15,1,486.86,-74.85811962,-2.625918589,-60.25963252
3156769421,Belo Horizonte,MG,2,Sim,1,563,2,56227.29,2,555.63,7.366501046,-19.90269606,-43.9599942
1605177837,Belo Horizonte,MG,3,Sim,1,636,3,56227.29,3,596.97,39.03088401,-19.90269606,-43.9599942
4152056626,Rio de Janeiro,RJ,3,Sim,1,586,2.67,67371.97,2,583.42,2.577106165,-22.92316461,-43.45109396
2985685788,Belo Horizonte,MG,0,Sim,1,581,0.33,56227.29,0,486.74,94.2591961,-19.90269606,-43.9599942
3470807065,Manaus,AM,4,Sim,1,738,7.67,61855.15,16,789.99,-51.98597784,-2.625918589,-60.25963252
4205140357,Belo Horizonte,MG,2,Sim,1,741,2,56227.29,2,555.63,185.366501,-19.90269606,-43.9599942
4572657396,Fortaleza,CE,0,Sim,1,418,0.33,35796.74,0,486.31,-68.31491811,-3.785866303,-38.52800282
5006255814,Rio de Janeiro,RJ,0,Sim,1,494,0.67,67371.97,1,500.75,-6.751659773,-22.92316461,-43.45109396
5637086525,Rio de Janeiro,RJ,2,Sim,1,689,2.33,67371.97,3,569.64,119.3556452,-22.92316461,-43.45109396
5169787019,São Paulo,SP,0,Sim,1,560,0.33,93156.23,0,487.51,72.48939253,-23.65005094,-46.64809546
8828163184,Fortaleza,CE,1,Sim,1,528,0.67,35796.74,0,500.09,27.90654288,-3.785866303,-38.52800282
7603611431,Fortaleza,CE,0,Sim,1,387,0.33,35796.74,0,486.31,-99.31491811,-3.785866303,-38.52800282
9731892679,Manaus,AM,1,Sim,1,443,1,61855.15,1,514.42,-71.41519764,-2.625918589,-60.25963252
5458683935,São Paulo,SP,1,Sim,1,468,0.67,93156.23,0,501.29,-33.28914648,-23.65005094,-46.64809546
8628598472,Belo Horizonte,MG,3,Sim,1,591,3.33,56227.29,4,610.75,-19.747655,-19.90269606,-43.9599942
4391622345,Belo Horizonte,MG,3,Sim,1,524,2.67,56227.29,2,583.19,-59.19057697,-19.90269606,-43.9599942
5432675537,Manaus,AM,3,Sim,1,661,3.33,61855.15,4,610.86,50.13502929,-2.625918589,-60.25963252
2977343554,Fortaleza,CE,0,Sim,1,317,0.33,35796.74,0,486.31,-169.3149181,-3.785866303,-38.52800282
7764012985,Manaus,AM,3,Sim,1,611,3,61855.15,3,597.09,13.9135683,-2.625918589,-60.25963252
5275710569,Belo Horizonte,MG,1,Não,0,493,0.33,56227.29,0,486.74,6.259196097,-19.90269606,-43.9599942
7050496685,São Paulo,SP,3,Sim,1,570,3,93156.23,3,597.74,-27.73891955,-23.65005094,-46.64809546
4642010704,Belo Horizonte,MG,4,Sim,1,747,3.67,56227.29,4,624.53,122.473806,-19.90269606,-43.9599942
7560836249,São Paulo,SP,2,Sim,1,551,2,93156.23,2,556.4,-5.403302518,-23.65005094,-46.64809546
1337271693,Manaus,AM,2,Sim,1,442,2.33,61855.15,3,569.53,-127.5293537,-2.625918589,-60.25963252
3858341125,Manaus,AM,4,Sim,1,712,3.67,61855.15,4,624.64,87.35649028,-2.625918589,-60.25963252
2837487757,Belo Horizonte,MG,3,Sim,1,713,3.33,56227.29,4,610.75,102.252345,-19.90269606,-43.9599942
6418637307,Manaus,AM,1,Sim,1,454,1,61855.15,1,514.42,-60.41519764,-2.625918589,-60.25963252
7111207888,Manaus,AM,3,Sim,1,629,3,61855.15,3,597.09,31.9135683,-2.625918589,-60.25963252
8428603983,Manaus,AM,1,Não,0,561,0.33,61855.15,0,486.86,74.14188038,-2.625918589,-60.25963252
4190004220,Belo Horizonte,MG,0,Sim,1,455,0.67,56227.29,1,500.52,-45.51934291,-19.90269606,-43.9599942
1001034549,Fortaleza,CE,2,Sim,1,592,2.33,35796.74,3,568.99,23.01384783,-3.785866303,-38.52800282
1548137423,Belo Horizonte,MG,1,Não,0,477,0.67,56227.29,1,500.52,-23.51934291,-19.90269606,-43.9599942
4736217556,São Paulo,SP,1,Sim,1,394,1,93156.23,1,515.07,-121.0676855,-23.65005094,-46.64809546
6301300058,São Paulo,SP,2,Sim,1,600,2,93156.23,2,556.4,43.59669748,-23.65005094,-46.64809546
5215849830,São Paulo,SP,4,Sim,1,660,3.67,93156.23,4,625.3,34.70400243,-23.65005094,-46.64809546
7957408728,Rio de Janeiro,RJ,0,Não,0,522,0,67371.97,0,473.19,48.80541825,-22.92316461,-43.45109396
2242759159,Manaus,AM,2,Sim,1,639,2.33,61855.15,3,569.53,69.47064632,-2.625918589,-60.25963252
7739452152,Belo Horizonte,MG,1,Não,0,624,0.33,56227.29,0,486.74,137.2591961,-19.90269606,-43.9599942
8401214153,Rio de Janeiro,RJ,1,Não,0,471,0.67,67371.97,1,500.75,-29.75165977,-22.92316461,-43.45109396
7746060720,Manaus,AM,4,Sim,1,772,3.67,61855.15,4,624.64,147.3564903,-2.625918589,-60.25963252
2304523693,Belo Horizonte,MG,3,Sim,1,641,2.67,56227.29,2,583.19,57.80942303,-19.90269606,-43.9599942
9849507558,Manaus,AM,0,Sim,1,512,0.67,61855.15,1,500.64,11.36334137,-2.625918589,-60.25963252
8195807278,Rio de Janeiro,RJ,3,Sim,1,648,2.67,67371.97,2,583.42,64.57710617,-22.92316461,-43.45109396
5830181243,São Paulo,SP,3,Sim,1,590,2.67,93156.23,2,583.96,6.039619461,-23.65005094,-46.64809546
4927509999,São Paulo,SP,3,Sim,1,748,3.33,93156.23,4,611.52,136.4825414,-23.65005094,-46.64809546
5034413157,Fortaleza,CE,3,Sim,1,710,2.67,35796.74,2,582.76,127.2353088,-3.785866303,-38.52800282
9728083361,São Paulo,SP,3,Sim,1,784,7.33,93156.23,16,776.86,7.140073318,-23.65005094,-46.64809546
1432963604,Fortaleza,CE,3,Sim,1,617,3,35796.74,3,596.54,20.45676981,-3.785866303,-38.52800282
5442248954,Fortaleza,CE,1,Não,0,493,0.67,35796.74,1,500.09,-7.093457116,-3.785866303,-38.52800282
5229991152,São Paulo,SP,0,Não,0,465,0.33,93156.23,1,487.51,-22.51060747,-23.65005094,-46.64809546
2252055648,São Paulo,SP,3,Sim,1,752,3.33,93156.23,4,611.52,140.4825414,-23.65005094,-46.64809546
5265873488,Belo Horizonte,MG,3,Sim,1,579,3,56227.29,3,596.97,-17.96911599,-19.90269606,-43.9599942
6291974855,Rio de Janeiro,RJ,2,Sim,1,569,2,67371.97,2,555.87,13.13418419,-22.92316461,-43.45109396
3000467766,Manaus,AM,0,Sim,1,515,0.67,61855.15,1,500.64,14.36334137,-2.625918589,-60.25963252
2108780888,Rio de Janeiro,RJ,1,Sim,1,260,1,67371.97,1,514.53,-254.5301988,-22.92316461,-43.45109396
2044849935,Rio de Janeiro,RJ,1,Não,0,549,0.33,67371.97,0,486.97,62.02687924,-22.92316461,-43.45109396
4467631780,Rio de Janeiro,RJ,3,Sim,1,794,3.33,67371.97,4,610.98,183.0200281,-22.92316461,-43.45109396
5849036018,Rio de Janeiro,RJ,3,Sim,1,541,3,67371.97,3,597.2,-56.20143284,-22.92316461,-43.45109396
7822270185,Fortaleza,CE,2,Sim,1,557,2,35796.74,2,555.21,1.792386843,-3.785866303,-38.52800282
7924824269,São Paulo,SP,0,Sim,1,462,0.67,93156.23,1,501.29,-39.28914648,-23.65005094,-46.64809546
5202962202,Belo Horizonte,MG,3,Sim,1,598,2.67,56227.29,2,583.19,14.80942303,-19.90269606,-43.9599942
2154406883,Belo Horizonte,MG,0,Sim,1,474,0.67,56227.29,1,500.52,-26.51934291,-19.90269606,-43.9599942
6014896416,São Paulo,SP,1,Não,0,463,0.67,93156.23,1,501.29,-38.28914648,-23.65005094,-46.64809546
1404770893,São Paulo,SP,2,Sim,1,674,2.33,93156.23,3,570.18,103.8181585,-23.65005094,-46.64809546
3933541327,Fortaleza,CE,1,Não,0,365,0.67,35796.74,1,500.09,-135.0934571,-3.785866303,-38.52800282
5361807927,Fortaleza,CE,1,Sim,1,591,0.67,35796.74,0,500.09,90.90654288,-3.785866303,-38.52800282
8848555351,Rio de Janeiro,RJ,0,Sim,1,532,0.33,67371.97,0,486.97,45.02687924,-22.92316461,-43.45109396
9726758361,Belo Horizonte,MG,3,Sim,1,647,2.67,56227.29,2,583.19,63.80942303,-19.90269606,-43.9599942
4629598003,Manaus,AM,1,Sim,1,440,0.67,61855.15,0,500.64,-60.63665863,-2.625918589,-60.25963252
2203520293,Belo Horizonte,MG,2,Sim,1,335,2,56227.29,2,555.63,-220.633499,-19.90269606,-43.9599942
1563161288,Belo Horizonte,MG,3,Sim,1,462,3,56227.29,3,596.97,-134.969116,-19.90269606,-43.9599942
7332180107,São Paulo,SP,2,Sim,1,653,2,93156.23,2,556.4,96.59669748,-23.65005094,-46.64809546
7278531096,São Paulo,SP,3,Sim,1,405,2.67,93156.23,2,583.96,-178.9603805,-23.65005094,-46.64809546
6086664398,Rio de Janeiro,RJ,0,Sim,1,470,0.33,67371.97,0,486.97,-16.97312076,-22.92316461,-43.45109396
8212610162,Rio de Janeiro,RJ,3,Sim,1,699,3,67371.97,3,597.2,101.7985672,-22.92316461,-43.45109396
1805783052,Rio de Janeiro,RJ,1,Sim,1,344,0.67,67371.97,0,500.75,-156.7516598,-22.92316461,-43.45109396
4991229994,Belo Horizonte,MG,3,Sim,1,685,3,56227.29,3,596.97,88.03088401,-19.90269606,-43.9599942
7130655343,Belo Horizonte,MG,2,Sim,1,576,2,56227.29,2,555.63,20.36650105,-19.90269606,-43.9599942
3703058900,Fortaleza,CE,3,Sim,1,570,2.67,35796.74,2,582.76,-12.76469118,-3.785866303,-38.52800282
9121039069,Belo Horizonte,MG,3,Sim,1,738,7.33,56227.29,16,776.09,-38.09012312,-19.90269606,-43.9599942
4727878919,Manaus,AM,0,Não,0,472,0,61855.15,0,473.08,-1.079580606,-2.625918589,-60.25963252
2785564992,Manaus,AM,2,Sim,1,617,2,61855.15,2,555.75,61.24918533,-2.625918589,-60.25963252
2428819601,Manaus,AM,2,Sim,1,472,2,61855.15,2,555.75,-83.75081467,-2.625918589,-60.25963252
5153169054,São Paulo,SP,1,Não,0,490,0.33,93156.23,0,487.51,2.489392533,-23.65005094,-46.64809546
6679859284,Fortaleza,CE,4,Sim,1,685,7.67,35796.74,16,789.44,-104.4427763,-3.785866303,-38.52800282
9311697211,São Paulo,SP,4,Sim,1,637,7.67,93156.23,16,790.64,-153.6384657,-23.65005094,-46.64809546
5047295808,Fortaleza,CE,1,Não,0,518,0.33,35796.74,0,486.31,31.68508189,-3.785866303,-38.52800282
1231925209,Fortaleza,CE,4,Sim,1,691,3.67,35796.74,4,624.1,66.89969179,-3.785866303,-38.52800282
5675643012,Belo Horizonte,MG,2,Sim,1,460,2,56227.29,2,555.63,-95.63349895,-19.90269606,-43.9599942
7887953812,São Paulo,SP,3,Sim,1,652,7.33,93156.23,16,776.86,-124.8599267,-23.65005094,-46.64809546
8855194067,Rio de Janeiro,RJ,3,Sim,1,575,3.33,67371.97,4,610.98,-35.97997186,-22.92316461,-43.45109396
8163048653,São Paulo,SP,1,Sim,1,465,0.67,93156.23,0,501.29,-36.28914648,-23.65005094,-46.64809546
6372946021,Fortaleza,CE,1,Sim,1,367,1,35796.74,1,513.87,-146.8719961,-3.785866303,-38.52800282
5628393721,Fortaleza,CE,4,Sim,1,800,3.67,35796.74,4,624.1,175.8996918,-3.785866303,-38.52800282
6502969864,Rio de Janeiro,RJ,0,Sim,1,384,0.33,67371.97,0,486.97,-102.9731208,-22.92316461,-43.45109396
7677358535,São Paulo,SP,3,Sim,1,788,3.33,93156.23,4,611.52,176.4825414,-23.65005094,-46.64809546
7109499727,Manaus,AM,3,Sim,1,531,2.67,61855.15,2,583.31,-52.30789269,-2.625918589,-60.25963252
7073375065,São Paulo,SP,2,Sim,1,562,2.33,93156.23,3,570.18,-8.181841528,-23.65005094,-46.64809546
6814538892,Belo Horizonte,MG,4,Sim,1,803,7.67,56227.29,16,789.87,13.13133787,-19.90269606,-43.9599942
7086177925,Rio de Janeiro,RJ,0,Sim,1,402,0.67,67371.97,1,500.75,-98.75165977,-22.92316461,-43.45109396
8857738915,Rio de Janeiro,RJ,2,Sim,1,685,2.33,67371.97,3,569.64,115.3556452,-22.92316461,-43.45109396
5329463879,São Paulo,SP,3,Sim,1,468,3,93156.23,3,597.74,-129.7389195,-23.65005094,-46.64809546
2870479867,Belo Horizonte,MG,0,Sim,1,699,0.67,56227.29,1,500.52,198.4806571,-19.90269606,-43.9599942
5968028581,São Paulo,SP,1,Não,0,530,0.67,93156.23,1,501.29,28.71085352,-23.65005094,-46.64809546
2418975309,Fortaleza,CE,3,Sim,1,754,7.33,35796.74,16,775.66,-21.66423732,-3.785866303,-38.52800282
8765634447,Rio de Janeiro,RJ,4,Sim,1,600,7.67,67371.97,16,790.1,-190.100979,-22.92316461,-43.45109396
7498583708,São Paulo,SP,2,Sim,1,712,2,93156.23,2,556.4,155.5966975,-23.65005094,-46.64809546
4672577826,Belo Horizonte,MG,4,Sim,1,648,7.67,56227.29,16,789.87,-141.8686621,-19.90269606,-43.9599942
5190191444,São Paulo,SP,0,Sim,1,528,0.33,93156.23,0,487.51,40.48939253,-23.65005094,-46.64809546
3135202022,Manaus,AM,3,Sim,1,897,7.33,61855.15,16,776.21,120.7925612,-2.625918589,-60.25963252
5162893349,Belo Horizonte,MG,0,Sim,1,507,0.67,56227.29,1,500.52,6.480657087,-19.90269606,-43.9599942
5178906017,Belo Horizonte,MG,2,Sim,1,706,2,56227.29,2,555.63,150.366501,-19.90269606,-43.9599942
1311051456,Belo Horizonte,MG,3,Sim,1,578,3,56227.29,3,596.97,-18.96911599,-19.90269606,-43.9599942
6099892642,Belo Horizonte,MG,1,Sim,1,447,1,56227.29,1,514.3,-67.29788192,-19.90269606,-43.9599942
6911543555,Rio de Janeiro,RJ,1,Sim,1,318,0.67,67371.97,0,500.75,-182.7516598,-22.92316461,-43.45109396
7321922826,Manaus,AM,0,Sim,1,404,0.33,61855.15,0,486.86,-82.85811962,-2.625918589,-60.25963252
7972613690,Rio de Janeiro,RJ,2,Sim,1,727,2,67371.97,2,555.87,171.1341842,-22.92316461,-43.45109396
3908044919,Rio de Janeiro,RJ,0,Não,0,510,0.33,67371.97,1,486.97,23.02687924,-22.92316461,-43.45109396
1622138165,Rio de Janeiro,RJ,4,Sim,1,701,7.67,67371.97,16,790.1,-89.10097899,-22.92316461,-43.45109396
3255933581,Manaus,AM,2,Sim,1,763,2,61855.15,2,555.75,207.2491853,-2.625918589,-60.25963252
8958632622,São Paulo,SP,1,Sim,1,475,0.67,93156.23,0,501.29,-26.28914648,-23.65005094,-46.64809546
2403342197,São Paulo,SP,1,Sim,1,458,0.67,93156.23,0,501.29,-43.28914648,-23.65005094,-46.64809546
1212375133,Belo Horizonte,MG,2,Sim,1,558,2,56227.29,2,555.63,2.366501046,-19.90269606,-43.9599942
8793449163,São Paulo,SP,4,Sim,1,611,7.67,93156.23,16,790.64,-179.6384657,-23.65005094,-46.64809546
7565415167,Rio de Janeiro,RJ,1,Sim,1,544,0.67,67371.97,0,500.75,43.24834023,-22.92316461,-43.45109396
1924365635,Rio de Janeiro,RJ,2,Sim,1,692,2.33,67371.97,3,569.64,122.3556452,-22.92316461,-43.45109396
6012795568,Manaus,AM,2,Sim,1,559,2,61855.15,2,555.75,3.249185332,-2.625918589,-60.25963252
2384257092,Manaus,AM,2,Sim,1,674,2,61855.15,2,555.75,118.2491853,-2.625918589,-60.25963252
2772803903,Belo Horizonte,MG,1,Sim,1,635,1,56227.29,1,514.3,120.7021181,-19.90269606,-43.9599942
5427179732,Rio de Janeiro,RJ,4,Sim,1,737,7.67,67371.97,16,790.1,-53.10097899,-22.92316461,-43.45109396
1013633512,Rio de Janeiro,RJ,1,Sim,1,416,1,67371.97,1,514.53,-98.53019878,-22.92316461,-43.45109396
4295435219,Fortaleza,CE,3,Sim,1,641,3.33,35796.74,4,610.32,30.6782308,-3.785866303,-38.52800282
2640606518,Manaus,AM,3,Sim,1,636,7.33,61855.15,16,776.21,-140.2074388,-2.625918589,-60.25963252
8981300513,Belo Horizonte,MG,2,Sim,1,614,2,56227.29,2,555.63,58.36650105,-19.90269606,-43.9599942
7533284821,Rio de Janeiro,RJ,0,Não,0,432,0,67371.97,0,473.19,-41.19458175,-22.92316461,-43.45109396
4987971967,Manaus,AM,3,Sim,1,642,7.33,61855.15,16,776.21,-134.2074388,-2.625918589,-60.25963252
2166275895,Rio de Janeiro,RJ,4,Sim,1,663,7.67,67371.97,16,790.1,-127.100979,-22.92316461,-43.45109396
2627137451,Fortaleza,CE,4,Sim,1,728,7.67,35796.74,16,789.44,-61.44277633,-3.785866303,-38.52800282
4846792741,São Paulo,SP,3,Sim,1,630,2.67,93156.23,2,583.96,46.03961946,-23.65005094,-46.64809546
7713438787,Fortaleza,CE,4,Sim,1,628,3.67,35796.74,4,624.1,3.899691791,-3.785866303,-38.52800282
7647492315,São Paulo,SP,2,Sim,1,750,2,93156.23,2,556.4,193.5966975,-23.65005094,-46.64809546
6189968369,Belo Horizonte,MG,3,Sim,1,598,3,56227.29,3,596.97,1.030884015,-19.90269606,-43.9599942
5135462238,Rio de Janeiro,RJ,2,Sim,1,641,2.33,67371.97,3,569.64,71.35564518,-22.92316461,-43.45109396
2495828068,Manaus,AM,3,Sim,1,833,3.33,61855.15,4,610.86,222.1350293,-2.625918589,-60.25963252
3137068962,São Paulo,SP,4,Sim,1,762,7.67,93156.23,16,790.64,-28.63846569,-23.65005094,-46.64809546
4599866367,Belo Horizonte,MG,1,Sim,1,443,1,56227.29,1,514.3,-71.29788192,-19.90269606,-43.9599942
2307249679,Belo Horizonte,MG,2,Sim,1,618,2.33,56227.29,3,569.41,48.58796204,-19.90269606,-43.9599942
2906729064,Manaus,AM,3,Sim,1,623,3,61855.15,3,597.09,25.9135683,-2.625918589,-60.25963252
8247766293,Belo Horizonte,MG,1,Sim,1,486,0.67,56227.29,0,500.52,-14.51934291,-19.90269606,-43.9599942
8921750766,São Paulo,SP,3,Sim,1,609,2.67,93156.23,2,583.96,25.03961946,-23.65005094,-46.64809546
3425876185,Belo Horizonte,MG,1,Não,0,537,0.33,56227.29,0,486.74,50.2591961,-19.90269606,-43.9599942
7203624193,Rio de Janeiro,RJ,2,Sim,1,561,2,67371.97,2,555.87,5.134184186,-22.92316461,-43.45109396
1315896912,Rio de Janeiro,RJ,1,Não,0,594,0.33,67371.97,0,486.97,107.0268792,-22.92316461,-43.45109396
7339056920,Belo Horizonte,MG,0,Sim,1,440,0.67,56227.29,1,500.52,-60.51934291,-19.90269606,-43.9599942
9397084353,São Paulo,SP,4,Sim,1,662,7.67,93156.23,16,790.64,-128.6384657,-23.65005094,-46.64809546
1571224579,Fortaleza,CE,0,Sim,1,441,0.33,35796.74,0,486.31,-45.31491811,-3.785866303,-38.52800282
7606001313,São Paulo,SP,1,Não,0,355,0.67,93156.23,1,501.29,-146.2891465,-23.65005094,-46.64809546
5880165233,Fortaleza,CE,3,Sim,1,672,3,35796.74,3,596.54,75.45676981,-3.785866303,-38.52800282
2599741915,São Paulo,SP,1,Não,0,370,0.67,93156.23,1,501.29,-131.2891465,-23.65005094,-46.64809546
1107439247,Fortaleza,CE,2,Sim,1,644,2,35796.74,2,555.21,88.79238684,-3.785866303,-38.52800282
4333546879,Fortaleza,CE,2,Sim,1,657,2,35796.74,2,555.21,101.7923868,-3.785866303,-38.52800282
1983492457,Fortaleza,CE,0,Não,0,441,0,35796.74,0,472.54,-31.5363791,-3.785866303,-38.52800282
1065997560,Fortaleza,CE,0,Não,0,471,0.33,35796.74,1,486.31,-15.31491811,-3.785866303,-38.52800282
2223512527,Rio de Janeiro,RJ,3,Sim,1,643,3,67371.97,3,597.2,45.79856716,-22.92316461,-43.45109396
5500548455,Manaus,AM,0,Não,0,381,0,61855.15,0,473.08,-92.07958061,-2.625918589,-60.25963252
2083190960,Manaus,AM,3,Sim,1,652,3,61855.15,3,597.09,54.9135683,-2.625918589,-60.25963252
2862714148,São Paulo,SP,1,Não,0,556,0.67,93156.23,1,501.29,54.71085352,-23.65005094,-46.64809546
4216576783,Belo Horizonte,MG,4,Sim,1,713,7.67,56227.29,16,789.87,-76.86866213,-19.90269606,-43.9599942
3874755541,Rio de Janeiro,RJ,2,Sim,1,512,2,67371.97,2,555.87,-43.86581581,-22.92316461,-43.45109396
6774318485,Rio de Janeiro,RJ,3,Sim,1,385,2.67,67371.97,2,583.42,-198.4228938,-22.92316461,-43.45109396
6759020864,Manaus,AM,2,Sim,1,640,2,61855.15,2,555.75,84.24918533,-2.625918589,-60.25963252
8298045700,Rio de Janeiro,RJ,3,Sim,1,588,2.67,67371.97,2,583.42,4.577106165,-22.92316461,-43.45109396
5569464350,Fortaleza,CE,3,Sim,1,671,3.33,35796.74,4,610.32,60.6782308,-3.785866303,-38.52800282
1506715938,Belo Horizonte,MG,1,Sim,1,391,1,56227.29,1,514.3,-123.2978819,-19.90269606,-43.9599942
1866294727,Fortaleza,CE,2,Sim,1,541,2,35796.74,2,555.21,-14.20761316,-3.785866303,-38.52800282
3995573327,Belo Horizonte,MG,3,Sim,1,618,3,56227.29,3,596.97,21.03088401,-19.90269606,-43.9599942
5162856722,São Paulo,SP,4,Sim,1,902,3.67,93156.23,4,625.3,276.7040024,-23.65005094,-46.64809546
3469406446,Manaus,AM,0,Sim,1,301,0.33,61855.15,0,486.86,-185.8581196,-2.625918589,-60.25963252
2252312690,Belo Horizonte,MG,0,Sim,1,564,0.67,56227.29,1,500.52,63.48065709,-19.90269606,-43.9599942
8194270449,Manaus,AM,1,Sim,1,271,1,61855.15,1,514.42,-243.4151976,-2.625918589,-60.25963252
4043966064,Manaus,AM,1,Não,0,461,0.33,61855.15,0,486.86,-25.85811962,-2.625918589,-60.25963252
7272100663,Belo Horizonte,MG,4,Sim,1,669,7.67,56227.29,16,789.87,-120.8686621,-19.90269606,-43.9599942
5461117938,São Paulo,SP,2,Sim,1,585,2,93156.23,2,556.4,28.59669748,-23.65005094,-46.64809546
8417210385,Rio de Janeiro,RJ,3,Sim,1,710,3,67371.97,3,597.2,112.7985672,-22.92316461,-43.45109396
3335441963,Belo Horizonte,MG,2,Sim,1,754,2,56227.29,2,555.63,198.366501,-19.90269606,-43.9599942
3387316706,Fortaleza,CE,0,Não,0,576,0.33,35796.74,1,486.31,89.68508189,-3.785866303,-38.52800282
8437199500,Fortaleza,CE,3,Sim,1,479,2.67,35796.74,2,582.76,-103.7646912,-3.785866303,-38.52800282
8914710962,Rio de Janeiro,RJ,4,Sim,1,831,7.67,67371.97,16,790.1,40.89902101,-22.92316461,-43.45109396
8687424982,São Paulo,SP,1,Não,0,333,0.67,93156.23,1,501.29,-168.2891465,-23.65005094,-46.64809546
1688802088,Belo Horizonte,MG,3,Sim,1,409,3,56227.29,3,596.97,-187.969116,-19.90269606,-43.9599942
4823015422,Manaus,AM,0,Sim,1,398,0.33,61855.15,0,486.86,-88.85811962,-2.625918589,-60.25963252
7421713094,Rio de Janeiro,RJ,3,Sim,1,628,3,67371.97,3,597.2,30.79856716,-22.92316461,-43.45109396
2780040339,Rio de Janeiro,RJ,2,Sim,1,556,2.33,67371.97,3,569.64,-13.64435482,-22.92316461,-43.45109396
1824814086,São Paulo,SP,1,Sim,1,470,0.67,93156.23,0,501.29,-31.28914648,-23.65005094,-46.64809546
3841872749,Rio de Janeiro,RJ,3,Sim,1,560,2.67,67371.97,2,583.42,-23.42289383,-22.92316461,-43.45109396
6805282810,São Paulo,SP,0,Não,0,402,0.33,93156.23,1,487.51,-85.51060747,-23.65005094,-46.64809546
4016768457,Belo Horizonte,MG,1,Sim,1,516,0.67,56227.29,0,500.52,15.48065709,-19.90269606,-43.9599942
6990566732,Rio de Janeiro,RJ,3,Sim,1,467,3,67371.97,3,597.2,-130.2014328,-22.92316461,-43.45109396
9215580337,Fortaleza,CE,4,Sim,1,961,7.67,35796.74,16,789.44,171.5572237,-3.785866303,-38.52800282
9090985338,Belo Horizonte,MG,0,Sim,1,436,0.33,56227.29,0,486.74,-50.7408039,-19.90269606,-43.9599942
6582966749,Rio de Janeiro,RJ,0,Sim,1,594,0.67,67371.97,1,500.75,93.24834023,-22.92316461,-43.45109396
8131932420,Belo Horizonte,MG,0,Não,0,476,0.33,56227.29,1,486.74,-10.7408039,-19.90269606,-43.9599942
2104567378,Belo Horizonte,MG,3,Sim,1,573,2.67,56227.29,2,583.19,-10.19057697,-19.90269606,-43.9599942
7468072850,Fortaleza,CE,2,Sim,1,583,2.33,35796.74,3,568.99,14.01384783,-3.785866303,-38.52800282
1395555434,Rio de Janeiro,RJ,3,Sim,1,599,2.67,67371.97,2,583.42,15.57710617,-22.92316461,-43.45109396
4968883958,Belo Horizonte,MG,1,Não,0,348,0.67,56227.29,1,500.52,-152.5193429,-19.90269606,-43.9599942
3080794875,Rio de Janeiro,RJ,1,Não,0,467,0.33,67371.97,0,486.97,-19.97312076,-22.92316461,-43.45109396
3001214030,Fortaleza,CE,3,Sim,1,711,3,35796.74,3,596.54,114.4567698,-3.785866303,-38.52800282
8423058603,Fortaleza,CE,2,Sim,1,600,2,35796.74,2,555.21,44.79238684,-3.785866303,-38.52800282
8002765085,Belo Horizonte,MG,3,Sim,1,629,3,56227.29,3,596.97,32.03088401,-19.90269606,-43.9599942
4059709047,Fortaleza,CE,4,Sim,1,718,7.67,35796.74,16,789.44,-71.44277633,-3.785866303,-38.52800282
4318910837,São Paulo,SP,0,Não,0,366,0,93156.23,0,473.73,-107.7320685,-23.65005094,-46.64809546
4445804241,Rio de Janeiro,RJ,2,Sim,1,583,2.33,67371.97,3,569.64,13.35564518,-22.92316461,-43.45109396
2598928929,Rio de Janeiro,RJ,0,Sim,1,536,0.67,67371.97,1,500.75,35.24834023,-22.92316461,-43.45109396
9981139185,São Paulo,SP,1,Não,0,525,0.33,93156.23,0,487.51,37.48939253,-23.65005094,-46.64809546
7200709857,Rio de Janeiro,RJ,0,Sim,1,483,0.33,67371.97,0,486.97,-3.973120763,-22.92316461,-43.45109396
4518284762,Belo Horizonte,MG,3,Sim,1,459,2.67,56227.29,2,583.19,-124.190577,-19.90269606,-43.9599942
4085682646,Belo Horizonte,MG,1,Sim,1,359,0.67,56227.29,0,500.52,-141.5193429,-19.90269606,-43.9599942
4185408902,Fortaleza,CE,2,Sim,1,406,2.33,35796.74,3,568.99,-162.9861522,-3.785866303,-38.52800282
8843766279,São Paulo,SP,3,Sim,1,599,3,93156.23,3,597.74,1.261080451,-23.65005094,-46.64809546
9150832497,Fortaleza,CE,0,Sim,1,427,0.33,35796.74,0,486.31,-59.31491811,-3.785866303,-38.52800282
1130555875,São Paulo,SP,3,Sim,1,602,2.67,93156.23,2,583.96,18.03961946,-23.65005094,-46.64809546
1493186935,Belo Horizonte,MG,3,Sim,1,775,7.33,56227.29,16,776.09,-1.090123119,-19.90269606,-43.9599942
3723988539,Belo Horizonte,MG,3,Sim,1,838,7.33,56227.29,16,776.09,61.90987688,-19.90269606,-43.9599942
9014961953,Belo Horizonte,MG,2,Sim,1,717,2.33,56227.29,3,569.41,147.587962,-19.90269606,-43.9599942
6394414297,Fortaleza,CE,1,Sim,1,483,1,35796.74,1,513.87,-30.87199613,-3.785866303,-38.52800282
8608469631,Rio de Janeiro,RJ,2,Sim,1,660,2.33,67371.97,3,569.64,90.35564518,-22.92316461,-43.45109396
2489323179,Manaus,AM,3,Sim,1,576,2.67,61855.15,2,583.31,-7.307892689,-2.625918589,-60.25963252
1204505841,Fortaleza,CE,0,Sim,1,491,0.67,35796.74,1,500.09,-9.093457116,-3.785866303,-38.52800282
8880399531,Manaus,AM,4,Sim,1,729,7.67,61855.15,16,789.99,-60.98597784,-2.625918589,-60.25963252
7707370477,São Paulo,SP,0,Não,0,435,0.33,93156.23,1,487.51,-52.51060747,-23.65005094,-46.64809546
1132227310,Rio de Janeiro,RJ,2,Sim,1,526,2,67371.97,2,555.87,-29.86581581,-22.92316461,-43.45109396
9241624633,Belo Horizonte,MG,3,Sim,1,561,3,56227.29,3,596.97,-35.96911599,-19.90269606,-43.9599942
2404847306,São Paulo,SP,3,Sim,1,554,3,93156.23,3,597.74,-43.73891955,-23.65005094,-46.64809546
9538288977,Rio de Janeiro,RJ,0,Sim,1,539,0.33,67371.97,0,486.97,52.02687924,-22.92316461,-43.45109396
1514938204,Manaus,AM,4,Sim,1,724,3.67,61855.15,4,624.64,99.35649028,-2.625918589,-60.25963252
2068344218,Manaus,AM,1,Não,0,437,0.67,61855.15,1,500.64,-63.63665863,-2.625918589,-60.25963252
2834628284,São Paulo,SP,3,Sim,1,723,2.67,93156.23,2,583.96,139.0396195,-23.65005094,-46.64809546
4616255175,Belo Horizonte,MG,3,Sim,1,567,3,56227.29,3,596.97,-29.96911599,-19.90269606,-43.9599942
1474964710,Fortaleza,CE,0,Não,0,477,0,35796.74,0,472.54,4.463620905,-3.785866303,-38.52800282
8176713855,Fortaleza,CE,3,Sim,1,707,2.67,35796.74,2,582.76,124.2353088,-3.785866303,-38.52800282
4321315580,Fortaleza,CE,0,Sim,1,470,0.67,35796.74,1,500.09,-30.09345712,-3.785866303,-38.52800282
3489611984,Fortaleza,CE,1,Sim,1,455,1,35796.74,1,513.87,-58.87199613,-3.785866303,-38.52800282
1146220061,Manaus,AM,0,Sim,1,385,0.67,61855.15,1,500.64,-115.6366586,-2.625918589,-60.25963252
1878177869,Belo Horizonte,MG,0,Sim,1,373,0.67,56227.29,1,500.52,-127.5193429,-19.90269606,-43.9599942
8572287631,Manaus,AM,3,Sim,1,651,7.33,61855.15,16,776.21,-125.2074388,-2.625918589,-60.25963252
5591892721,Fortaleza,CE,0,Sim,1,472,0.33,35796.74,0,486.31,-14.31491811,-3.785866303,-38.52800282
5524377657,Rio de Janeiro,RJ,1,Não,0,447,0.67,67371.97,1,500.75,-53.75165977,-22.92316461,-43.45109396
3040507457,Belo Horizonte,MG,2,Sim,1,644,2.33,56227.29,3,569.41,74.58796204,-19.90269606,-43.9599942
4583196296,Manaus,AM,2,Sim,1,640,2,61855.15,2,555.75,84.24918533,-2.625918589,-60.25963252
9689177791,São Paulo,SP,1,Não,0,392,0.67,93156.23,1,501.29,-109.2891465,-23.65005094,-46.64809546
5586708116,Belo Horizonte,MG,1,Sim,1,510,0.67,56227.29,0,500.52,9.480657087,-19.90269606,-43.9599942
8435506722,Manaus,AM,2,Sim,1,674,2.33,61855.15,3,569.53,104.4706463,-2.625918589,-60.25963252
3487097585,São Paulo,SP,2,Sim,1,530,2,93156.23,2,556.4,-26.40330252,-23.65005094,-46.64809546
8253563503,São Paulo,SP,4,Sim,1,760,7.67,93156.23,16,790.64,-30.63846569,-23.65005094,-46.64809546
6637815943,Manaus,AM,3,Sim,1,753,3.33,61855.15,4,610.86,142.1350293,-2.625918589,-60.25963252
8383122447,Fortaleza,CE,3,Sim,1,519,3,35796.74,3,596.54,-77.54323019,-3.785866303,-38.52800282
1761546036,Belo Horizonte,MG,3,Sim,1,854,3.33,56227.29,4,610.75,243.252345,-19.90269606,-43.9599942
5454657337,Rio de Janeiro,RJ,0,Sim,1,513,0.67,67371.97,1,500.75,12.24834023,-22.92316461,-43.45109396
8526809986,Rio de Janeiro,RJ,2,Sim,1,675,2,67371.97,2,555.87,119.1341842,-22.92316461,-43.45109396
4958789145,São Paulo,SP,2,Sim,1,536,2,93156.23,2,556.4,-20.40330252,-23.65005094,-46.64809546
2860040857,Rio de Janeiro,RJ,3,Sim,1,577,3,67371.97,3,597.2,-20.20143284,-22.92316461,-43.45109396
6641067450,Fortaleza,CE,3,Sim,1,557,3,35796.74,3,596.54,-39.54323019,-3.785866303,-38.52800282
3067749079,São Paulo,SP,0,Sim,1,529,0.67,93156.23,1,501.29,27.71085352,-23.65005094,-46.64809546
2911737341,Rio de Janeiro,RJ,1,Sim,1,328,1,67371.97,1,514.53,-186.5301988,-22.92316461,-43.45109396
3342853740,Belo Horizonte,MG,0,Não,0,555,0.33,56227.29,1,486.74,68.2591961,-19.90269606,-43.9599942
3098976998,Fortaleza,CE,4,Sim,1,708,3.67,35796.74,4,624.1,83.89969179,-3.785866303,-38.52800282
8694384025,São Paulo,SP,3,Sim,1,551,3,93156.23,3,597.74,-46.73891955,-23.65005094,-46.64809546
2613644138,São Paulo,SP,3,Sim,1,598,2.67,93156.23,2,583.96,14.03961946,-23.65005094,-46.64809546
6397972768,Fortaleza,CE,2,Sim,1,613,2,35796.74,2,555.21,57.79238684,-3.785866303,-38.52800282
9623262019,Rio de Janeiro,RJ,0,Sim,1,515,0.67,67371.97,1,500.75,14.24834023,-22.92316461,-43.45109396
9430823024,Manaus,AM,3,Sim,1,612,3,61855.15,3,597.09,14.9135683,-2.625918589,-60.25963252
7635760626,Rio de Janeiro,RJ,0,Não,0,567,0.33,67371.97,1,486.97,80.02687924,-22.92316461,-43.45109396
2793039558,Manaus,AM,0,Sim,1,437,0.33,61855.15,0,486.86,-49.85811962,-2.625918589,-60.25963252
9697183782,Manaus,AM,4,Sim,1,725,7.67,61855.15,16,789.99,-64.98597784,-2.625918589,-60.25963252
7312779691,São Paulo,SP,1,Não,0,445,0.67,93156.23,1,501.29,-56.28914648,-23.65005094,-46.64809546
1572945366,São Paulo,SP,1,Sim,1,450,1,93156.23,1,515.07,-65.06768549,-23.65005094,-46.64809546
8859607667,Manaus,AM,3,Sim,1,750,3,61855.15,3,597.09,152.9135683,-2.625918589,-60.25963252
4560086011,Belo Horizonte,MG,2,Sim,1,563,2,56227.29,2,555.63,7.366501046,-19.90269606,-43.9599942
5599914612,São Paulo,SP,2,Sim,1,514,2.33,93156.23,3,570.18,-56.18184153,-23.65005094,-46.64809546
8563912364,Fortaleza,CE,3,Sim,1,631,2.67,35796.74,2,582.76,48.23530882,-3.785866303,-38.52800282
8726102036,Belo Horizonte,MG,2,Sim,1,628,2,56227.29,2,555.63,72.36650105,-19.90269606,-43.9599942
6457759821,Belo Horizonte,MG,3,Sim,1,846,3.33,56227.29,4,610.75,235.252345,-19.90269606,-43.9599942
6820828373,Manaus,AM,1,Sim,1,423,0.67,61855.15,0,500.64,-77.63665863,-2.625918589,-60.25963252
4178430195,Fortaleza,CE,1,Não,0,382,0.67,35796.74,1,500.09,-118.0934571,-3.785866303,-38.52800282
4670329456,Belo Horizonte,MG,1,Sim,1,587,0.67,56227.29,0,500.52,86.48065709,-19.90269606,-43.9599942
5769901287,Rio de Janeiro,RJ,3,Sim,1,550,3,67371.97,3,597.2,-47.20143284,-22.92316461,-43.45109396
1859280080,Fortaleza,CE,4,Sim,1,814,3.67,35796.74,4,624.1,189.8996918,-3.785866303,-38.52800282
1521886499,Belo Horizonte,MG,3,Sim,1,584,2.67,56227.29,2,583.19,0.809423025,-19.90269606,-43.9599942
3187047119,Rio de Janeiro,RJ,0,Não,0,475,0.33,67371.97,1,486.97,-11.97312076,-22.92316461,-43.45109396
6745189502,São Paulo,SP,4,Sim,1,815,7.67,93156.23,16,790.64,24.36153431,-23.65005094,-46.64809546
2778411192,Manaus,AM,2,Sim,1,544,2.33,61855.15,3,569.53,-25.52935368,-2.625918589,-60.25963252
6480700985,Belo Horizonte,MG,0,Sim,1,431,0.67,56227.29,1,500.52,-69.51934291,-19.90269606,-43.9599942
5071359900,São Paulo,SP,1,Sim,1,479,0.67,93156.23,0,501.29,-22.28914648,-23.65005094,-46.64809546
5129471284,Fortaleza,CE,1,Sim,1,505,1,35796.74,1,513.87,-8.871996126,-3.785866303,-38.52800282
5856468720,Manaus,AM,0,Sim,1,376,0.33,61855.15,0,486.86,-110.8581196,-2.625918589,-60.25963252
8315640602,Manaus,AM,0,Sim,1,529,0.67,61855.15,1,500.64,28.36334137,-2.625918589,-60.25963252
9733357314,Manaus,AM,3,Sim,1,748,3.33,61855.15,4,610.86,137.1350293,-2.625918589,-60.25963252
5455976861,São Paulo,SP,1,Sim,1,479,1,93156.23,1,515.07,-36.06768549,-23.65005094,-46.64809546
2177053886,Rio de Janeiro,RJ,3,Sim,1,719,2.67,67371.97,2,583.42,135.5771062,-22.92316461,-43.45109396
6504319623,Rio de Janeiro,RJ,2,Sim,1,762,2.33,67371.97,3,569.64,192.3556452,-22.92316461,-43.45109396
6931819388,Rio de Janeiro,RJ,0,Sim,1,494,0.67,67371.97,1,500.75,-6.751659773,-22.92316461,-43.45109396
7462390055,Belo Horizonte,MG,2,Sim,1,674,2,56227.29,2,555.63,118.366501,-19.90269606,-43.9599942
7025722275,Fortaleza,CE,3,Sim,1,635,7.33,35796.74,16,775.66,-140.6642373,-3.785866303,-38.52800282
8568198236,São Paulo,SP,0,Não,0,538,0.33,93156.23,1,487.51,50.48939253,-23.65005094,-46.64809546
5289598729,Belo Horizonte,MG,2,Sim,1,716,2,56227.29,2,555.63,160.366501,-19.90269606,-43.9599942
1926746541,Belo Horizonte,MG,4,Sim,1,714,3.67,56227.29,4,624.53,89.47380599,-19.90269606,-43.9599942
3955426610,Manaus,AM,0,Sim,1,485,0.67,61855.15,1,500.64,-15.63665863,-2.625918589,-60.25963252
6035041013,São Paulo,SP,4,Sim,1,770,7.67,93156.23,16,790.64,-20.63846569,-23.65005094,-46.64809546
1344956540,Fortaleza,CE,3,Sim,1,570,3,35796.74,3,596.54,-26.54323019,-3.785866303,-38.52800282
5547494265,São Paulo,SP,2,Sim,1,559,2,93156.23,2,556.4,2.596697482,-23.65005094,-46.64809546
1743967268,Belo Horizonte,MG,3,Sim,1,727,2.67,56227.29,2,583.19,143.809423,-19.90269606,-43.9599942
2994009118,Rio de Janeiro,RJ,3,Sim,1,760,3.33,67371.97,4,610.98,149.0200281,-22.92316461,-43.45109396
7664308564,Fortaleza,CE,3,Sim,1,728,3.33,35796.74,4,610.32,117.6782308,-3.785866303,-38.52800282
5594694967,Rio de Janeiro,RJ,1,Sim,1,371,0.67,67371.97,0,500.75,-129.7516598,-22.92316461,-43.45109396
3305973403,São Paulo,SP,2,Sim,1,545,2.33,93156.23,3,570.18,-25.18184153,-23.65005094,-46.64809546
2085521500,São Paulo,SP,0,Não,0,594,0,93156.23,0,473.73,120.2679315,-23.65005094,-46.64809546
9847317587,Manaus,AM,1,Sim,1,600,1,61855.15,1,514.42,85.58480236,-2.625918589,-60.25963252
5853186058,Manaus,AM,0,Não,0,606,0,61855.15,0,473.08,132.9204194,-2.625918589,-60.25963252
3041086420,Rio de Janeiro,RJ,2,Sim,1,658,2,67371.97,2,555.87,102.1341842,-22.92316461,-43.45109396
2333599141,São Paulo,SP,2,Sim,1,580,2.33,93156.23,3,570.18,9.818158472,-23.65005094,-46.64809546
1024026709,Fortaleza,CE,3,Sim,1,757,7.33,35796.74,16,775.66,-18.66423732,-3.785866303,-38.52800282
3504396640,Belo Horizonte,MG,3,Sim,1,778,7.33,56227.29,16,776.09,1.909876881,-19.90269606,-43.9599942
9953405614,São Paulo,SP,3,Sim,1,611,3,93156.23,3,597.74,13.26108045,-23.65005094,-46.64809546
3723226191,Manaus,AM,0,Sim,1,531,0.33,61855.15,0,486.86,44.14188038,-2.625918589,-60.25963252
3208991594,Fortaleza,CE,0,Não,0,399,0.33,35796.74,1,486.31,-87.31491811,-3.785866303,-38.52800282
8207214443,Rio de Janeiro,RJ,1,Não,0,403,0.67,67371.97,1,500.75,-97.75165977,-22.92316461,-43.45109396
1406670564,Manaus,AM,3,Sim,1,477,3,61855.15,3,597.09,-120.0864317,-2.625918589,-60.25963252
4745339179,Belo Horizonte,MG,2,Sim,1,759,2,56227.29,2,555.63,203.366501,-19.90269606,-43.9599942
2247960795,Fortaleza,CE,2,Sim,1,501,2.33,35796.74,3,568.99,-67.98615217,-3.785866303,-38.52800282
4072864247,Manaus,AM,3,Sim,1,613,3.33,61855.15,4,610.86,2.135029291,-2.625918589,-60.25963252
6127880958,Belo Horizonte,MG,2,Sim,1,749,2.33,56227.29,3,569.41,179.587962,-19.90269606,-43.9599942
4960523887,Rio de Janeiro,RJ,0,Sim,1,302,0.33,67371.97,0,486.97,-184.9731208,-22.92316461,-43.45109396
4461541644,Belo Horizonte,MG,3,Sim,1,532,3,56227.29,3,596.97,-64.96911599,-19.90269606,-43.9599942
9244321261,Rio de Janeiro,RJ,3,Sim,1,508,3,67371.97,3,597.2,-89.20143284,-22.92316461,-43.45109396
4623458861,Rio de Janeiro,RJ,2,Sim,1,612,2.33,67371.97,3,569.64,42.35564518,-22.92316461,-43.45109396
9266562168,São Paulo,SP,3,Sim,1,717,7.33,93156.23,16,776.86,-59.85992668,-23.65005094,-46.64809546
2749475863,Manaus,AM,3,Sim,1,437,2.67,61855.15,2,583.31,-146.3078927,-2.625918589,-60.25963252
7354320927,São Paulo,SP,4,Sim,1,768,3.67,93156.23,4,625.3,142.7040024,-23.65005094,-46.64809546
9939025667,Manaus,AM,3,Sim,1,665,3,61855.15,3,597.09,67.9135683,-2.625918589,-60.25963252
3009455161,Manaus,AM,3,Sim,1,680,3,61855.15,3,597.09,82.9135683,-2.625918589,-60.25963252
4807252320,Belo Horizonte,MG,3,Sim,1,882,7.33,56227.29,16,776.09,105.9098769,-19.90269606,-43.9599942
8379775994,São Paulo,SP,1,Não,0,376,0.33,93156.23,0,487.51,-111.5106075,-23.65005094,-46.64809546
8063137385,São Paulo,SP,1,Não,0,591,0.33,93156.23,0,487.51,103.4893925,-23.65005094,-46.64809546
8266573770,Fortaleza,CE,0,Não,0,383,0,35796.74,0,472.54,-89.5363791,-3.785866303,-38.52800282
6272136622,Fortaleza,CE,3,Sim,1,712,3.33,35796.74,4,610.32,101.6782308,-3.785866303,-38.52800282
4949666607,Belo Horizonte,MG,4,Sim,1,727,3.67,56227.29,4,624.53,102.473806,-19.90269606,-43.9599942
8829846972,Rio de Janeiro,RJ,0,Não,0,369,0,67371.97,0,473.19,-104.1945818,-22.92316461,-43.45109396
5385268151,Belo Horizonte,MG,1,Sim,1,552,0.67,56227.29,0,500.52,51.48065709,-19.90269606,-43.9599942
6924043226,Rio de Janeiro,RJ,3,Sim,1,652,2.67,67371.97,2,583.42,68.57710617,-22.92316461,-43.45109396
5685114325,Rio de Janeiro,RJ,3,Sim,1,564,3,67371.97,3,597.2,-33.20143284,-22.92316461,-43.45109396
2405799437,Belo Horizonte,MG,0,Sim,1,598,0.33,56227.29,0,486.74,111.2591961,-19.90269606,-43.9599942
8277203106,Rio de Janeiro,RJ,3,Sim,1,640,2.67,67371.97,2,583.42,56.57710617,-22.92316461,-43.45109396
1377755273,Manaus,AM,4,Sim,1,731,7.67,61855.15,16,789.99,-58.98597784,-2.625918589,-60.25963252
1842739779,Rio de Janeiro,RJ,0,Não,0,509,0,67371.97,0,473.19,35.80541825,-22.92316461,-43.45109396
2906161204,Fortaleza,CE,3,Sim,1,580,3,35796.74,3,596.54,-16.54323019,-3.785866303,-38.52800282
4696268139,Rio de Janeiro,RJ,4,Sim,1,748,3.67,67371.97,4,624.76,123.2414891,-22.92316461,-43.45109396
4468196948,Rio de Janeiro,RJ,3,Sim,1,554,2.67,67371.97,2,583.42,-29.42289383,-22.92316461,-43.45109396
3530902939,Belo Horizonte,MG,2,Sim,1,575,2.33,56227.29,3,569.41,5.587962035,-19.90269606,-43.9599942
3941209482,Fortaleza,CE,1,Sim,1,490,0.67,35796.74,0,500.09,-10.09345712,-3.785866303,-38.52800282
4322927502,São Paulo,SP,2,Sim,1,596,2.33,93156.23,3,570.18,25.81815847,-23.65005094,-46.64809546
7553474291,Rio de Janeiro,RJ,2,Sim,1,640,2,67371.97,2,555.87,84.13418419,-22.92316461,-43.45109396
8935430417,Fortaleza,CE,3,Sim,1,726,7.33,35796.74,16,775.66,-49.66423732,-3.785866303,-38.52800282
1749668857,São Paulo,SP,1,Não,0,440,0.33,93156.23,0,487.51,-47.51060747,-23.65005094,-46.64809546
5554584834,Rio de Janeiro,RJ,2,Sim,1,658,2,67371.97,2,555.87,102.1341842,-22.92316461,-43.45109396
7452752542,Belo Horizonte,MG,0,Sim,1,454,0.33,56227.29,0,486.74,-32.7408039,-19.90269606,-43.9599942
6140174470,Belo Horizonte,MG,3,Sim,1,718,7.33,56227.29,16,776.09,-58.09012312,-19.90269606,-43.9599942
8415009154,Rio de Janeiro,RJ,3,Sim,1,728,2.67,67371.97,2,583.42,144.5771062,-22.92316461,-43.45109396
1464656190,São Paulo,SP,4,Sim,1,786,3.67,93156.23,4,625.3,160.7040024,-23.65005094,-46.64809546
7484859702,Rio de Janeiro,RJ,3,Sim,1,481,3,67371.97,3,597.2,-116.2014328,-22.92316461,-43.45109396
1894757282,Belo Horizonte,MG,1,Sim,1,330,1,56227.29,1,514.3,-184.2978819,-19.90269606,-43.9599942
7286889809,Rio de Janeiro,RJ,0,Não,0,449,0,67371.97,0,473.19,-24.19458175,-22.92316461,-43.45109396
7648054513,Fortaleza,CE,3,Sim,1,553,2.67,35796.74,2,582.76,-29.76469118,-3.785866303,-38.52800282
3686886790,São Paulo,SP,3,Sim,1,449,3,93156.23,3,597.74,-148.7389195,-23.65005094,-46.64809546
3431750292,Rio de Janeiro,RJ,3,Sim,1,786,7.33,67371.97,16,776.32,9.677560021,-22.92316461,-43.45109396
3723825637,Manaus,AM,2,Sim,1,564,2.33,61855.15,3,569.53,-5.529353678,-2.625918589,-60.25963252
2459841418,Fortaleza,CE,2,Sim,1,578,2,35796.74,2,555.21,22.79238684,-3.785866303,-38.52800282
6420143803,Rio de Janeiro,RJ,3,Sim,1,874,7.33,67371.97,16,776.32,97.67756002,-22.92316461,-43.45109396
5158507817,Rio de Janeiro,RJ,2,Sim,1,557,2,67371.97,2,555.87,1.134184186,-22.92316461,-43.45109396
8817095430,São Paulo,SP,3,Sim,1,710,7.33,93156.23,16,776.86,-66.85992668,-23.65005094,-46.64809546
8891261229,Rio de Janeiro,RJ,3,Sim,1,639,2.67,67371.97,2,583.42,55.57710617,-22.92316461,-43.45109396
3555369661,Fortaleza,CE,4,Sim,1,694,3.67,35796.74,4,624.1,69.89969179,-3.785866303,-38.52800282
3485476434,Rio de Janeiro,RJ,3,Sim,1,655,7.33,67371.97,16,776.32,-121.32244,-22.92316461,-43.45109396
2177567753,Manaus,AM,1,Sim,1,495,1,61855.15,1,514.42,-19.41519764,-2.625918589,-60.25963252
8955295298,Fortaleza,CE,1,Sim,1,434,1,35796.74,1,513.87,-79.87199613,-3.785866303,-38.52800282
8621635641,São Paulo,SP,3,Sim,1,601,3,93156.23,3,597.74,3.261080451,-23.65005094,-46.64809546
2080890527,Manaus,AM,0,Sim,1,355,0.67,61855.15,1,500.64,-145.6366586,-2.625918589,-60.25963252
7855360794,São Paulo,SP,2,Sim,1,556,2,93156.23,2,556.4,-0.403302518,-23.65005094,-46.64809546
7025991537,Rio de Janeiro,RJ,1,Não,0,373,0.67,67371.97,1,500.75,-127.7516598,-22.92316461,-43.45109396
6771673660,São Paulo,SP,4,Sim,1,605,7.67,93156.23,16,790.64,-185.6384657,-23.65005094,-46.64809546
6862850597,Manaus,AM,3,Sim,1,722,3,61855.15,3,597.09,124.9135683,-2.625918589,-60.25963252
7522130133,São Paulo,SP,3,Sim,1,434,2.67,93156.23,2,583.96,-149.9603805,-23.65005094,-46.64809546
2863089814,São Paulo,SP,3,Sim,1,831,3.33,93156.23,4,611.52,219.4825414,-23.65005094,-46.64809546
1229050901,Manaus,AM,3,Sim,1,474,3,61855.15,3,597.09,-123.0864317,-2.625918589,-60.25963252
1754302700,Manaus,AM,0,Sim,1,523,0.67,61855.15,1,500.64,22.36334137,-2.625918589,-60.25963252
1054084854,Manaus,AM,3,Sim,1,627,2.67,61855.15,2,583.31,43.69210731,-2.625918589,-60.25963252
3111889417,São Paulo,SP,3,Sim,1,635,3,93156.23,3,597.74,37.26108045,-23.65005094,-46.64809546
6705228728,Manaus,AM,0,Sim,1,382,0.67,61855.15,1,500.64,-118.6366586,-2.625918589,-60.25963252
2165089725,Rio de Janeiro,RJ,0,Não,0,420,0.33,67371.97,1,486.97,-66.97312076,-22.92316461,-43.45109396
5585104728,São Paulo,SP,2,Sim,1,650,2,93156.23,2,556.4,93.59669748,-23.65005094,-46.64809546
8189873999,Manaus,AM,1,Não,0,457,0.67,61855.15,1,500.64,-43.63665863,-2.625918589,-60.25963252
1448856574,São Paulo,SP,0,Sim,1,512,0.33,93156.23,0,487.51,24.48939253,-23.65005094,-46.64809546
7749922997,São Paulo,SP,3,Sim,1,705,2.67,93156.23,2,583.96,121.0396195,-23.65005094,-46.64809546
2039762894,Belo Horizonte,MG,2,Sim,1,582,2.33,56227.29,3,569.41,12.58796204,-19.90269606,-43.9599942
6855097745,Belo Horizonte,MG,2,Sim,1,628,2,56227.29,2,555.63,72.36650105,-19.90269606,-43.9599942
5628567769,Rio de Janeiro,RJ,3,Sim,1,617,3,67371.97,3,597.2,19.79856716,-22.92316461,-43.45109396
9528708571,São Paulo,SP,3,Sim,1,618,2.67,93156.23,2,583.96,34.03961946,-23.65005094,-46.64809546
2455921309,Belo Horizonte,MG,3,Sim,1,459,3,56227.29,3,596.97,-137.969116,-19.90269606,-43.9599942
5055409815,Manaus,AM,3,Sim,1,608,7.33,61855.15,16,776.21,-168.2074388,-2.625918589,-60.25963252
9112277402,Fortaleza,CE,2,Sim,1,656,2,35796.74,2,555.21,100.7923868,-3.785866303,-38.52800282
8214149737,Belo Horizonte,MG,3,Sim,1,610,3,56227.29,3,596.97,13.03088401,-19.90269606,-43.9599942
5330636292,Manaus,AM,2,Sim,1,598,2,61855.15,2,555.75,42.24918533,-2.625918589,-60.25963252
5687589045,Fortaleza,CE,1,Não,0,437,0.67,35796.74,1,500.09,-63.09345712,-3.785866303,-38.52800282
8701862822,Belo Horizonte,MG,1,Sim,1,538,0.67,56227.29,0,500.52,37.48065709,-19.90269606,-43.9599942
1222408203,São Paulo,SP,3,Sim,1,576,2.67,93156.23,2,583.96,-7.960380539,-23.65005094,-46.64809546
2405277225,São Paulo,SP,3,Sim,1,729,3.33,93156.23,4,611.52,117.4825414,-23.65005094,-46.64809546
3049891839,Rio de Janeiro,RJ,4,Sim,1,779,7.67,67371.97,16,790.1,-11.10097899,-22.92316461,-43.45109396
9924183816,Rio de Janeiro,RJ,3,Sim,1,523,2.67,67371.97,2,583.42,-60.42289383,-22.92316461,-43.45109396
4648480004,São Paulo,SP,0,Sim,1,486,0.33,93156.23,0,487.51,-1.510607467,-23.65005094,-46.64809546
4225212894,Manaus,AM,3,Sim,1,806,7.33,61855.15,16,776.21,29.79256117,-2.625918589,-60.25963252
7663600065,Rio de Janeiro,RJ,2,Sim,1,728,2.33,67371.97,3,569.64,158.3556452,-22.92316461,-43.45109396
3932362457,São Paulo,SP,1,Sim,1,412,0.67,93156.23,0,501.29,-89.28914648,-23.65005094,-46.64809546
3300066174,Manaus,AM,2,Sim,1,640,2.33,61855.15,3,569.53,70.47064632,-2.625918589,-60.25963252
9584344611,Rio de Janeiro,RJ,2,Sim,1,569,2,67371.97,2,555.87,13.13418419,-22.92316461,-43.45109396
6061846000,Rio de Janeiro,RJ,0,Sim,1,420,0.33,67371.97,0,486.97,-66.97312076,-22.92316461,-43.45109396
6869790844,Fortaleza,CE,1,Sim,1,606,1,35796.74,1,513.87,92.12800387,-3.785866303,-38.52800282
2899768841,Manaus,AM,1,Sim,1,493,0.67,61855.15,0,500.64,-7.636658627,-2.625918589,-60.25963252
8069157642,Manaus,AM,3,Sim,1,522,2.67,61855.15,2,583.31,-61.30789269,-2.625918589,-60.25963252
6600211645,Manaus,AM,3,Sim,1,772,7.33,61855.15,16,776.21,-4.207438832,-2.625918589,-60.25963252
3646965662,Manaus,AM,4,Sim,1,739,7.67,61855.15,16,789.99,-50.98597784,-2.625918589,-60.25963252
5361174933,Rio de Janeiro,RJ,2,Sim,1,610,2.33,67371.97,3,569.64,40.35564518,-22.92316461,-43.45109396
5663657056,Belo Horizonte,MG,3,Sim,1,531,7.33,56227.29,16,776.09,-245.0901231,-19.90269606,-43.9599942
6229835125,Fortaleza,CE,3,Sim,1,646,3.33,35796.74,4,610.32,35.6782308,-3.785866303,-38.52800282
1911225693,São Paulo,SP,1,Sim,1,366,1,93156.23,1,515.07,-149.0676855,-23.65005094,-46.64809546
1913209640,Rio de Janeiro,RJ,3,Sim,1,691,3,67371.97,3,597.2,93.79856716,-22.92316461,-43.45109396
6961356518,Fortaleza,CE,1,Não,0,427,0.67,35796.74,1,500.09,-73.09345712,-3.785866303,-38.52800282
6984759862,Belo Horizonte,MG,3,Sim,1,650,2.67,56227.29,2,583.19,66.80942303,-19.90269606,-43.9599942
5698538721,Rio de Janeiro,RJ,0,Sim,1,584,0.33,67371.97,0,486.97,97.02687924,-22.92316461,-43.45109396
3812796862,Belo Horizonte,MG,2,Sim,1,629,2.33,56227.29,3,569.41,59.58796204,-19.90269606,-43.9599942
2075947173,Rio de Janeiro,RJ,1,Sim,1,490,0.67,67371.97,0,500.75,-10.75165977,-22.92316461,-43.45109396
2547956926,Fortaleza,CE,3,Sim,1,705,3.33,35796.74,4,610.32,94.6782308,-3.785866303,-38.52800282
9041953364,Fortaleza,CE,3,Sim,1,761,2.67,35796.74,2,582.76,178.2353088,-3.785866303,-38.52800282
2170692707,Manaus,AM,3,Sim,1,621,3.33,61855.15,4,610.86,10.13502929,-2.625918589,-60.25963252
6687643028,Manaus,AM,2,Sim,1,514,2,61855.15,2,555.75,-41.75081467,-2.625918589,-60.25963252
5936772428,Belo Horizonte,MG,4,Sim,1,765,3.67,56227.29,4,624.53,140.473806,-19.90269606,-43.9599942
9802471123,Belo Horizonte,MG,3,Sim,1,660,2.67,56227.29,2,583.19,76.80942303,-19.90269606,-43.9599942
3256398740,Rio de Janeiro,RJ,0,Sim,1,451,0.33,67371.97,0,486.97,-35.97312076,-22.92316461,-43.45109396
8228277130,Fortaleza,CE,0,Não,0,571,0.33,35796.74,1,486.31,84.68508189,-3.785866303,-38.52800282
2765922902,Fortaleza,CE,3,Sim,1,641,3,35796.74,3,596.54,44.45676981,-3.785866303,-38.52800282
8641194291,Manaus,AM,3,Sim,1,586,2.67,61855.15,2,583.31,2.692107311,-2.625918589,-60.25963252
3352055738,São Paulo,SP,3,Sim,1,653,3,93156.23,3,597.74,55.26108045,-23.65005094,-46.64809546
2481287720,São Paulo,SP,2,Sim,1,547,2.33,93156.23,3,570.18,-23.18184153,-23.65005094,-46.64809546
6224787202,Fortaleza,CE,0,Não,0,439,0,35796.74,0,472.54,-33.5363791,-3.785866303,-38.52800282
6973766302,Fortaleza,CE,1,Sim,1,358,1,35796.74,1,513.87,-155.8719961,-3.785866303,-38.52800282
7178005039,Rio de Janeiro,RJ,3,Sim,1,457,2.67,67371.97,2,583.42,-126.4228938,-22.92316461,-43.45109396
2937734631,Belo Horizonte,MG,3,Sim,1,802,2.67,56227.29,2,583.19,218.809423,-19.90269606,-43.9599942
4032772091,Belo Horizonte,MG,3,Sim,1,788,7.33,56227.29,16,776.09,11.90987688,-19.90269606,-43.9599942
1581446643,Rio de Janeiro,RJ,4,Sim,1,811,7.67,67371.97,16,790.1,20.89902101,-22.92316461,-43.45109396
5709760547,Belo Horizonte,MG,2,Sim,1,626,2.33,56227.29,3,569.41,56.58796204,-19.90269606,-43.9599942
4170510053,São Paulo,SP,2,Sim,1,531,2,93156.23,2,556.4,-25.40330252,-23.65005094,-46.64809546
8395545310,Manaus,AM,1,Não,0,365,0.33,61855.15,0,486.86,-121.8581196,-2.625918589,-60.25963252
3438848840,São Paulo,SP,3,Sim,1,863,3.33,93156.23,4,611.52,251.4825414,-23.65005094,-46.64809546
6171454417,Manaus,AM,0,Sim,1,387,0.33,61855.15,0,486.86,-99.85811962,-2.625918589,-60.25963252
1204797558,Manaus,AM,3,Sim,1,580,3,61855.15,3,597.09,-17.0864317,-2.625918589,-60.25963252
6357304558,Rio de Janeiro,RJ,0,Não,0,317,0,67371.97,0,473.19,-156.1945818,-22.92316461,-43.45109396
3813309663,Belo Horizonte,MG,3,Sim,1,670,2.67,56227.29,2,583.19,86.80942303,-19.90269606,-43.9599942
9898345652,Manaus,AM,4,Sim,1,734,3.67,61855.15,4,624.64,109.3564903,-2.625918589,-60.25963252
8128843905,Rio de Janeiro,RJ,0,Não,0,394,0.33,67371.97,1,486.97,-92.97312076,-22.92316461,-43.45109396
7533808366,Manaus,AM,0,Não,0,541,0.33,61855.15,1,486.86,54.14188038,-2.625918589,-60.25963252
8523135130,São Paulo,SP,3,Sim,1,672,7.33,93156.23,16,776.86,-104.8599267,-23.65005094,-46.64809546
4101634593,Fortaleza,CE,1,Sim,1,603,1,35796.74,1,513.87,89.12800387,-3.785866303,-38.52800282
6515321563,Belo Horizonte,MG,2,Sim,1,607,2.33,56227.29,3,569.41,37.58796204,-19.90269606,-43.9599942
5900064273,Fortaleza,CE,3,Sim,1,519,2.67,35796.74,2,582.76,-63.76469118,-3.785866303,-38.52800282
7041834047,Fortaleza,CE,3,Sim,1,705,7.33,35796.74,16,775.66,-70.66423732,-3.785866303,-38.52800282
5779000912,Rio de Janeiro,RJ,3,Sim,1,584,2.67,67371.97,2,583.42,0.577106165,-22.92316461,-43.45109396
8891099851,Fortaleza,CE,1,Sim,1,393,0.67,35796.74,0,500.09,-107.0934571,-3.785866303,-38.52800282
4485164226,Belo Horizonte,MG,0,Sim,1,469,0.33,56227.29,0,486.74,-17.7408039,-19.90269606,-43.9599942
6231599959,Rio de Janeiro,RJ,4,Sim,1,676,7.67,67371.97,16,790.1,-114.100979,-22.92316461,-43.45109396
4965010850,Rio de Janeiro,RJ,4,Sim,1,642,7.67,67371.97,16,790.1,-148.100979,-22.92316461,-43.45109396
7714534381,Manaus,AM,2,Sim,1,500,2.33,61855.15,3,569.53,-69.52935368,-2.625918589,-60.25963252
9711417438,São Paulo,SP,3,Sim,1,605,3,93156.23,3,597.74,7.261080451,-23.65005094,-46.64809546
4407252707,São Paulo,SP,0,Não,0,427,0.33,93156.23,1,487.51,-60.51060747,-23.65005094,-46.64809546
1647410460,Rio de Janeiro,RJ,3,Sim,1,695,3,67371.97,3,597.2,97.79856716,-22.92316461,-43.45109396
2861248223,Belo Horizonte,MG,2,Sim,1,631,2,56227.29,2,555.63,75.36650105,-19.90269606,-43.9599942
3625537210,Belo Horizonte,MG,0,Não,0,585,0,56227.29,0,472.96,112.0377351,-19.90269606,-43.9599942
6147111857,Fortaleza,CE,1,Sim,1,450,1,35796.74,1,513.87,-63.87199613,-3.785866303,-38.52800282
3330884116,Rio de Janeiro,RJ,1,Não,0,587,0.33,67371.97,0,486.97,100.0268792,-22.92316461,-43.45109396
7142311226,São Paulo,SP,2,Sim,1,441,2,93156.23,2,556.4,-115.4033025,-23.65005094,-46.64809546
1835226572,Manaus,AM,1,Sim,1,406,0.67,61855.15,0,500.64,-94.63665863,-2.625918589,-60.25963252
7694666072,Fortaleza,CE,2,Sim,1,530,2,35796.74,2,555.21,-25.20761316,-3.785866303,-38.52800282
2390121061,Manaus,AM,2,Sim,1,403,2.33,61855.15,3,569.53,-166.5293537,-2.625918589,-60.25963252
5726979414,Fortaleza,CE,2,Sim,1,587,2.33,35796.74,3,568.99,18.01384783,-3.785866303,-38.52800282
9424283342,Manaus,AM,3,Sim,1,719,3.33,61855.15,4,610.86,108.1350293,-2.625918589,-60.25963252
7932056287,Belo Horizonte,MG,3,Sim,1,518,2.67,56227.29,2,583.19,-65.19057697,-19.90269606,-43.9599942
8578743481,Belo Horizonte,MG,4,Sim,1,743,3.67,56227.29,4,624.53,118.473806,-19.90269606,-43.9599942
6808837782,Rio de Janeiro,RJ,2,Sim,1,518,2.33,67371.97,3,569.64,-51.64435482,-22.92316461,-43.45109396
9416931994,Belo Horizonte,MG,3,Sim,1,761,2.67,56227.29,2,583.19,177.809423,-19.90269606,-43.9599942
3455173902,Fortaleza,CE,3,Sim,1,627,3,35796.74,3,596.54,30.45676981,-3.785866303,-38.52800282
7603966219,Manaus,AM,3,Sim,1,846,3.33,61855.15,4,610.86,235.1350293,-2.625918589,-60.25963252
3265657602,São Paulo,SP,4,Sim,1,625,3.67,93156.23,4,625.3,-0.295997569,-23.65005094,-46.64809546
5122496119,Fortaleza,CE,0,Sim,1,360,0.33,35796.74,0,486.31,-126.3149181,-3.785866303,-38.52800282
4134945244,Manaus,AM,2,Sim,1,636,2,61855.15,2,555.75,80.24918533,-2.625918589,-60.25963252
1735687328,Fortaleza,CE,2,Sim,1,511,2,35796.74,2,555.21,-44.20761316,-3.785866303,-38.52800282
3676870592,Rio de Janeiro,RJ,3,Sim,1,748,3.33,67371.97,4,610.98,137.0200281,-22.92316461,-43.45109396
4413336526,Rio de Janeiro,RJ,1,Sim,1,521,1,67371.97,1,514.53,6.469801217,-22.92316461,-43.45109396
2335074078,Belo Horizonte,MG,4,Sim,1,682,3.67,56227.29,4,624.53,57.47380599,-19.90269606,-43.9599942
7386682479,São Paulo,SP,3,Sim,1,643,3,93156.23,3,597.74,45.26108045,-23.65005094,-46.64809546
4753792891,Belo Horizonte,MG,3,Sim,1,479,3,56227.29,3,596.97,-117.969116,-19.90269606,-43.9599942
4863008792,Manaus,AM,4,Sim,1,647,3.67,61855.15,4,624.64,22.35649028,-2.625918589,-60.25963252
6694457011,Rio de Janeiro,RJ,4,Sim,1,769,7.67,67371.97,16,790.1,-21.10097899,-22.92316461,-43.45109396
7441687522,Rio de Janeiro,RJ,3,Sim,1,614,2.67,67371.97,2,583.42,30.57710617,-22.92316461,-43.45109396
8351299204,Fortaleza,CE,0,Não,0,513,0,35796.74,0,472.54,40.4636209,-3.785866303,-38.52800282
4785905325,Belo Horizonte,MG,1,Sim,1,451,0.67,56227.29,0,500.52,-49.51934291,-19.90269606,-43.9599942
5573812139,Belo Horizonte,MG,1,Sim,1,417,1,56227.29,1,514.3,-97.29788192,-19.90269606,-43.9599942
4245628517,Belo Horizonte,MG,2,Sim,1,544,2.33,56227.29,3,569.41,-25.41203796,-19.90269606,-43.9599942
1812963719,Belo Horizonte,MG,0,Sim,1,451,0.33,56227.29,0,486.74,-35.7408039,-19.90269606,-43.9599942
4836001577,Manaus,AM,0,Não,0,393,0,61855.15,0,473.08,-80.07958061,-2.625918589,-60.25963252
1118668903,Belo Horizonte,MG,3,Sim,1,537,2.67,56227.29,2,583.19,-46.19057697,-19.90269606,-43.9599942
3161530112,Fortaleza,CE,3,Sim,1,759,3.33,35796.74,4,610.32,148.6782308,-3.785866303,-38.52800282
4092712159,São Paulo,SP,4,Sim,1,704,7.67,93156.23,16,790.64,-86.63846569,-23.65005094,-46.64809546
9990483765,São Paulo,SP,1,Sim,1,472,0.67,93156.23,0,501.29,-29.28914648,-23.65005094,-46.64809546
6821980054,Fortaleza,CE,3,Sim,1,695,3.33,35796.74,4,610.32,84.6782308,-3.785866303,-38.52800282
5768602210,Rio de Janeiro,RJ,3,Sim,1,607,3,67371.97,3,597.2,9.798567155,-22.92316461,-43.45109396
3071254841,São Paulo,SP,0,Sim,1,481,0.67,93156.23,1,501.29,-20.28914648,-23.65005094,-46.64809546
3743364216,Manaus,AM,3,Sim,1,627,7.33,61855.15,16,776.21,-149.2074388,-2.625918589,-60.25963252
3500192253,Fortaleza,CE,3,Sim,1,777,7.33,35796.74,16,775.66,1.335762678,-3.785866303,-38.52800282
5778385238,Belo Horizonte,MG,2,Sim,1,670,2.33,56227.29,3,569.41,100.587962,-19.90269606,-43.9599942
1181943134,São Paulo,SP,2,Sim,1,679,2,93156.23,2,556.4,122.5966975,-23.65005094,-46.64809546
3350403843,Manaus,AM,2,Sim,1,543,2.33,61855.15,3,569.53,-26.52935368,-2.625918589,-60.25963252
4916116555,Fortaleza,CE,3,Sim,1,524,3,35796.74,3,596.54,-72.54323019,-3.785866303,-38.52800282
2749490174,Rio de Janeiro,RJ,1,Não,0,498,0.67,67371.97,1,500.75,-2.751659773,-22.92316461,-43.45109396
2184249768,Fortaleza,CE,1,Não,0,365,0.67,35796.74,1,500.09,-135.0934571,-3.785866303,-38.52800282
8615615246,Manaus,AM,0,Não,0,436,0.33,61855.15,1,486.86,-50.85811962,-2.625918589,-60.25963252
1777659223,Fortaleza,CE,0,Não,0,533,0.33,35796.74,1,486.31,46.68508189,-3.785866303,-38.52800282
8309443470,Belo Horizonte,MG,0,Sim,1,372,0.67,56227.29,1,500.52,-128.5193429,-19.90269606,-43.9599942
7856684421,Manaus,AM,1,Sim,1,359,0.67,61855.15,0,500.64,-141.6366586,-2.625918589,-60.25963252
1921443244,Belo Horizonte,MG,0,Sim,1,427,0.67,56227.29,1,500.52,-73.51934291,-19.90269606,-43.9599942
8834891859,Manaus,AM,3,Sim,1,659,3,61855.15,3,597.09,61.9135683,-2.625918589,-60.25963252
1137716080,Manaus,AM,3,Sim,1,556,2.67,61855.15,2,583.31,-27.30789269,-2.625918589,-60.25963252
3498774447,São Paulo,SP,0,Não,0,498,0.33,93156.23,1,487.51,10.48939253,-23.65005094,-46.64809546
9776321961,Belo Horizonte,MG,2,Sim,1,742,2,56227.29,2,555.63,186.366501,-19.90269606,-43.9599942
9017788622,Fortaleza,CE,0,Não,0,600,0,35796.74,0,472.54,127.4636209,-3.785866303,-38.52800282
5411678881,Manaus,AM,3,Sim,1,654,3,61855.15,3,597.09,56.9135683,-2.625918589,-60.25963252
9608324588,Rio de Janeiro,RJ,1,Sim,1,412,0.67,67371.97,0,500.75,-88.75165977,-22.92316461,-43.45109396
7487612897,Manaus,AM,1,Não,0,515,0.33,61855.15,0,486.86,28.14188038,-2.625918589,-60.25963252
4970998871,Rio de Janeiro,RJ,3,Sim,1,596,2.67,67371.97,2,583.42,12.57710617,-22.92316461,-43.45109396
7842337975,Belo Horizonte,MG,3,Sim,1,598,2.67,56227.29,2,583.19,14.80942303,-19.90269606,-43.9599942
9194637497,Fortaleza,CE,1,Não,0,480,0.33,35796.74,0,486.31,-6.314918106,-3.785866303,-38.52800282
2663584370,Manaus,AM,2,Sim,1,504,2,61855.15,2,555.75,-51.75081467,-2.625918589,-60.25963252
3691986594,Manaus,AM,3,Sim,1,594,7.33,61855.15,16,776.21,-182.2074388,-2.625918589,-60.25963252
3165422972,Belo Horizonte,MG,1,Sim,1,406,1,56227.29,1,514.3,-108.2978819,-19.90269606,-43.9599942
9531896973,Manaus,AM,3,Sim,1,679,7.33,61855.15,16,776.21,-97.20743883,-2.625918589,-60.25963252
2482640002,Belo Horizonte,MG,3,Sim,1,713,3.33,56227.29,4,610.75,102.252345,-19.90269606,-43.9599942
6610995390,Fortaleza,CE,0,Sim,1,461,0.33,35796.74,0,486.31,-25.31491811,-3.785866303,-38.52800282
1367170899,Fortaleza,CE,2,Sim,1,715,2.33,35796.74,3,568.99,146.0138478,-3.785866303,-38.52800282
5433331205,Rio de Janeiro,RJ,0,Sim,1,342,0.33,67371.97,0,486.97,-144.9731208,-22.92316461,-43.45109396
3990287631,São Paulo,SP,2,Sim,1,604,2.33,93156.23,3,570.18,33.81815847,-23.65005094,-46.64809546
2884469403,Belo Horizonte,MG,1,Sim,1,340,1,56227.29,1,514.3,-174.2978819,-19.90269606,-43.9599942
2856919393,Fortaleza,CE,0,Sim,1,399,0.67,35796.74,1,500.09,-101.0934571,-3.785866303,-38.52800282
7154709281,Rio de Janeiro,RJ,3,Sim,1,814,3.33,67371.97,4,610.98,203.0200281,-22.92316461,-43.45109396
7372359002,Fortaleza,CE,3,Sim,1,685,2.67,35796.74,2,582.76,102.2353088,-3.785866303,-38.52800282
6203225381,Belo Horizonte,MG,1,Sim,1,356,0.67,56227.29,0,500.52,-144.5193429,-19.90269606,-43.9599942
3332675337,Rio de Janeiro,RJ,3,Sim,1,580,2.67,67371.97,2,583.42,-3.422893835,-22.92316461,-43.45109396
6698649815,Belo Horizonte,MG,4,Sim,1,819,7.67,56227.29,16,789.87,29.13133787,-19.90269606,-43.9599942
4871790973,Fortaleza,CE,3,Sim,1,589,3,35796.74,3,596.54,-7.543230188,-3.785866303,-38.52800282
5109804557,Manaus,AM,0,Não,0,586,0,61855.15,0,473.08,112.9204194,-2.625918589,-60.25963252
5563081421,Rio de Janeiro,RJ,2,Sim,1,643,2.33,67371.97,3,569.64,73.35564518,-22.92316461,-43.45109396
5693733908,Rio de Janeiro,RJ,2,Sim,1,762,2.33,67371.97,3,569.64,192.3556452,-22.92316461,-43.45109396
8318800323,São Paulo,SP,4,Sim,1,802,3.67,93156.23,4,625.3,176.7040024,-23.65005094,-46.64809546
2313227004,Belo Horizonte,MG,0,Não,0,551,0,56227.29,0,472.96,78.03773511,-19.90269606,-43.9599942
5836631688,Manaus,AM,3,Sim,1,675,3,61855.15,3,597.09,77.9135683,-2.625918589,-60.25963252
2204568617,São Paulo,SP,4,Sim,1,796,7.67,93156.23,16,790.64,5.361534307,-23.65005094,-46.64809546
2336788166,Manaus,AM,0,Sim,1,310,0.67,61855.15,1,500.64,-190.6366586,-2.625918589,-60.25963252
4837682140,Fortaleza,CE,2,Sim,1,660,2,35796.74,2,555.21,104.7923868,-3.785866303,-38.52800282
8872055754,Manaus,AM,3,Sim,1,764,7.33,61855.15,16,776.21,-12.20743883,-2.625918589,-60.25963252
8834146151,São Paulo,SP,0,Sim,1,576,0.33,93156.23,0,487.51,88.48939253,-23.65005094,-46.64809546
7215082049,São Paulo,SP,3,Sim,1,423,3,93156.23,3,597.74,-174.7389195,-23.65005094,-46.64809546
1087363230,Manaus,AM,4,Sim,1,761,3.67,61855.15,4,624.64,136.3564903,-2.625918589,-60.25963252
2744084396,Manaus,AM,3,Sim,1,665,7.33,61855.15,16,776.21,-111.2074388,-2.625918589,-60.25963252
8784209383,Belo Horizonte,MG,4,Sim,1,828,7.67,56227.29,16,789.87,38.13133787,-19.90269606,-43.9599942
1770142486,Rio de Janeiro,RJ,0,Sim,1,602,0.33,67371.97,0,486.97,115.0268792,-22.92316461,-43.45109396
1359954495,Rio de Janeiro,RJ,3,Sim,1,897,3.33,67371.97,4,610.98,286.0200281,-22.92316461,-43.45109396
4151167937,Rio de Janeiro,RJ,2,Sim,1,641,2.33,67371.97,3,569.64,71.35564518,-22.92316461,-43.45109396
3356732745,Rio de Janeiro,RJ,1,Sim,1,410,0.67,67371.97,0,500.75,-90.75165977,-22.92316461,-43.45109396
7723774443,São Paulo,SP,0,Sim,1,563,0.33,93156.23,0,487.51,75.48939253,-23.65005094,-46.64809546
6085799723,São Paulo,SP,2,Sim,1,644,2,93156.23,2,556.4,87.59669748,-23.65005094,-46.64809546
5601792804,Rio de Janeiro,RJ,0,Não,0,448,0,67371.97,0,473.19,-25.19458175,-22.92316461,-43.45109396
4775243225,Rio de Janeiro,RJ,2,Sim,1,453,2,67371.97,2,555.87,-102.8658158,-22.92316461,-43.45109396
4310983433,Manaus,AM,0,Sim,1,440,0.67,61855.15,1,500.64,-60.63665863,-2.625918589,-60.25963252
5758418837,Manaus,AM,0,Sim,1,461,0.67,61855.15,1,500.64,-39.63665863,-2.625918589,-60.25963252
2439025242,Manaus,AM,2,Sim,1,609,2.33,61855.15,3,569.53,39.47064632,-2.625918589,-60.25963252
8506511145,Rio de Janeiro,RJ,0,Não,0,418,0.33,67371.97,1,486.97,-68.97312076,-22.92316461,-43.45109396
6104116660,Manaus,AM,4,Sim,1,630,3.67,61855.15,4,624.64,5.356490281,-2.625918589,-60.25963252
9871645201,Belo Horizonte,MG,3,Sim,1,571,3,56227.29,3,596.97,-25.96911599,-19.90269606,-43.9599942
7208893579,Manaus,AM,3,Sim,1,521,2.67,61855.15,2,583.31,-62.30789269,-2.625918589,-60.25963252
5293548446,Belo Horizonte,MG,1,Não,0,396,0.67,56227.29,1,500.52,-104.5193429,-19.90269606,-43.9599942
6120063297,São Paulo,SP,1,Sim,1,364,0.67,93156.23,0,501.29,-137.2891465,-23.65005094,-46.64809546
5697512525,Fortaleza,CE,3,Sim,1,534,2.67,35796.74,2,582.76,-48.76469118,-3.785866303,-38.52800282
3841398193,Fortaleza,CE,0,Sim,1,475,0.33,35796.74,0,486.31,-11.31491811,-3.785866303,-38.52800282
2736584368,São Paulo,SP,3,Sim,1,724,2.67,93156.23,2,583.96,140.0396195,-23.65005094,-46.64809546
9289221532,Rio de Janeiro,RJ,1,Não,0,389,0.33,67371.97,0,486.97,-97.97312076,-22.92316461,-43.45109396
6671289254,Rio de Janeiro,RJ,3,Sim,1,598,2.67,67371.97,2,583.42,14.57710617,-22.92316461,-43.45109396
3360813278,Fortaleza,CE,0,Não,0,667,0.33,35796.74,1,486.31,180.6850819,-3.785866303,-38.52800282
9477414427,Fortaleza,CE,2,Sim,1,561,2,35796.74,2,555.21,5.792386843,-3.785866303,-38.52800282
3397779400,Fortaleza,CE,4,Sim,1,604,7.67,35796.74,16,789.44,-185.4427763,-3.785866303,-38.52800282
9947351883,Belo Horizonte,MG,0,Não,0,458,0.33,56227.29,1,486.74,-28.7408039,-19.90269606,-43.9599942
4714304080,São Paulo,SP,0,Sim,1,471,0.67,93156.23,1,501.29,-30.28914648,-23.65005094,-46.64809546
7309368952,Rio de Janeiro,RJ,1,Não,0,477,0.33,67371.97,0,486.97,-9.973120763,-22.92316461,-43.45109396
4024321627,Rio de Janeiro,RJ,3,Sim,1,656,2.67,67371.97,2,583.42,72.57710617,-22.92316461,-43.45109396
1811378847,Rio de Janeiro,RJ,2,Sim,1,743,2.33,67371.97,3,569.64,173.3556452,-22.92316461,-43.45109396
4169305037,Belo Horizonte,MG,2,Sim,1,720,2.33,56227.29,3,569.41,150.587962,-19.90269606,-43.9599942
6284161286,Manaus,AM,2,Sim,1,658,2,61855.15,2,555.75,102.2491853,-2.625918589,-60.25963252
9455342843,Fortaleza,CE,0,Sim,1,455,0.67,35796.74,1,500.09,-45.09345712,-3.785866303,-38.52800282
9468921421,Belo Horizonte,MG,1,Não,0,425,0.33,56227.29,0,486.74,-61.7408039,-19.90269606,-43.9599942
9836566537,São Paulo,SP,3,Sim,1,491,3,93156.23,3,597.74,-106.7389195,-23.65005094,-46.64809546
7406430544,Fortaleza,CE,3,Sim,1,660,2.67,35796.74,2,582.76,77.23530882,-3.785866303,-38.52800282
4804256698,Manaus,AM,1,Não,0,397,0.33,61855.15,0,486.86,-89.85811962,-2.625918589,-60.25963252
4207144843,Manaus,AM,2,Sim,1,500,2.33,61855.15,3,569.53,-69.52935368,-2.625918589,-60.25963252
7244594502,São Paulo,SP,1,Sim,1,404,1,93156.23,1,515.07,-111.0676855,-23.65005094,-46.64809546
1517040898,Rio de Janeiro,RJ,3,Sim,1,617,3,67371.97,3,597.2,19.79856716,-22.92316461,-43.45109396
6248087644,Manaus,AM,2,Sim,1,683,2.33,61855.15,3,569.53,113.4706463,-2.625918589,-60.25963252
8065639727,Manaus,AM,2,Sim,1,418,2,61855.15,2,555.75,-137.7508147,-2.625918589,-60.25963252
8192699440,Belo Horizonte,MG,3,Sim,1,598,3,56227.29,3,596.97,1.030884015,-19.90269606,-43.9599942
6161689903,Belo Horizonte,MG,1,Não,0,528,0.33,56227.29,0,486.74,41.2591961,-19.90269606,-43.9599942
9058870970,São Paulo,SP,1,Não,0,424,0.67,93156.23,1,501.29,-77.28914648,-23.65005094,-46.64809546
4198207844,Belo Horizonte,MG,2,Sim,1,597,2,56227.29,2,555.63,41.36650105,-19.90269606,-43.9599942
5847067993,São Paulo,SP,1,Sim,1,473,0.67,93156.23,0,501.29,-28.28914648,-23.65005094,-46.64809546
9337474378,Rio de Janeiro,RJ,2,Sim,1,588,2.33,67371.97,3,569.64,18.35564518,-22.92316461,-43.45109396
1170964123,Rio de Janeiro,RJ,0,Não,0,469,0.33,67371.97,1,486.97,-17.97312076,-22.92316461,-43.45109396
7324825569,São Paulo,SP,3,Sim,1,532,3,93156.23,3,597.74,-65.73891955,-23.65005094,-46.64809546
7333907606,Belo Horizonte,MG,0,Sim,1,400,0.67,56227.29,1,500.52,-100.5193429,-19.90269606,-43.9599942
3122892206,Rio de Janeiro,RJ,3,Sim,1,578,2.67,67371.97,2,583.42,-5.422893835,-22.92316461,-43.45109396
9953588689,Belo Horizonte,MG,0,Não,0,566,0,56227.29,0,472.96,93.03773511,-19.90269606,-43.9599942
5098059053,Rio de Janeiro,RJ,1,Não,0,347,0.33,67371.97,0,486.97,-139.9731208,-22.92316461,-43.45109396
5878859433,São Paulo,SP,1,Sim,1,426,0.67,93156.23,0,501.29,-75.28914648,-23.65005094,-46.64809546
9937267516,Manaus,AM,2,Sim,1,763,2,61855.15,2,555.75,207.2491853,-2.625918589,-60.25963252
9928301009,Rio de Janeiro,RJ,1,Sim,1,502,1,67371.97,1,514.53,-12.53019878,-22.92316461,-43.45109396
5921427497,Rio de Janeiro,RJ,1,Não,0,314,0.33,67371.97,0,486.97,-172.9731208,-22.92316461,-43.45109396
3068809814,São Paulo,SP,0,Sim,1,523,0.67,93156.23,1,501.29,21.71085352,-23.65005094,-46.64809546
8992376350,Manaus,AM,0,Sim,1,474,0.33,61855.15,0,486.86,-12.85811962,-2.625918589,-60.25963252
4497009155,Manaus,AM,2,Sim,1,546,2,61855.15,2,555.75,-9.750814668,-2.625918589,-60.25963252
6747130060,Rio de Janeiro,RJ,2,Sim,1,723,2.33,67371.97,3,569.64,153.3556452,-22.92316461,-43.45109396
6501973041,Fortaleza,CE,0,Não,0,304,0,35796.74,0,472.54,-168.5363791,-3.785866303,-38.52800282
3978241338,São Paulo,SP,3,Sim,1,752,3.33,93156.23,4,611.52,140.4825414,-23.65005094,-46.64809546
9494018161,Manaus,AM,4,Sim,1,654,7.67,61855.15,16,789.99,-135.9859778,-2.625918589,-60.25963252
1546337529,Rio de Janeiro,RJ,2,Sim,1,583,2,67371.97,2,555.87,27.13418419,-22.92316461,-43.45109396
6637168015,Fortaleza,CE,3,Sim,1,662,3,35796.74,3,596.54,65.45676981,-3.785866303,-38.52800282
6080038066,Fortaleza,CE,0,Não,0,393,0.33,35796.74,1,486.31,-93.31491811,-3.785866303,-38.52800282
6099496674,Belo Horizonte,MG,1,Não,0,486,0.33,56227.29,0,486.74,-0.740803903,-19.90269606,-43.9599942
3220286678,Belo Horizonte,MG,2,Sim,1,740,2.33,56227.29,3,569.41,170.587962,-19.90269606,-43.9599942
1120695810,Fortaleza,CE,4,Sim,1,621,3.67,35796.74,4,624.1,-3.100308209,-3.785866303,-38.52800282
5987160095,Belo Horizonte,MG,3,Sim,1,747,3.33,56227.29,4,610.75,136.252345,-19.90269606,-43.9599942
3580598582,Manaus,AM,2,Sim,1,590,2.33,61855.15,3,569.53,20.47064632,-2.625918589,-60.25963252
7546758461,Fortaleza,CE,0,Não,0,568,0.33,35796.74,1,486.31,81.68508189,-3.785866303,-38.52800282
3149301468,Manaus,AM,1,Sim,1,463,1,61855.15,1,514.42,-51.41519764,-2.625918589,-60.25963252
4360561237,Manaus,AM,1,Não,0,515,0.33,61855.15,0,486.86,28.14188038,-2.625918589,-60.25963252
8106387611,Fortaleza,CE,0,Sim,1,676,0.67,35796.74,1,500.09,175.9065429,-3.785866303,-38.52800282
1057741733,Manaus,AM,3,Sim,1,482,3,61855.15,3,597.09,-115.0864317,-2.625918589,-60.25963252
9431513279,Fortaleza,CE,3,Sim,1,579,3,35796.74,3,596.54,-17.54323019,-3.785866303,-38.52800282
4094014167,Rio de Janeiro,RJ,0,Sim,1,464,0.67,67371.97,1,500.75,-36.75165977,-22.92316461,-43.45109396
7795501146,Fortaleza,CE,3,Sim,1,829,7.33,35796.74,16,775.66,53.33576268,-3.785866303,-38.52800282
4257339813,Manaus,AM,2,Sim,1,659,2.33,61855.15,3,569.53,89.47064632,-2.625918589,-60.25963252
5500314250,Manaus,AM,4,Sim,1,794,3.67,61855.15,4,624.64,169.3564903,-2.625918589,-60.25963252
1265692779,Rio de Janeiro,RJ,0,Sim,1,486,0.67,67371.97,1,500.75,-14.75165977,-22.92316461,-43.45109396
9505418533,Rio de Janeiro,RJ,2,Sim,1,704,2,67371.97,2,555.87,148.1341842,-22.92316461,-43.45109396
2228049507,São Paulo,SP,3,Sim,1,696,2.67,93156.23,2,583.96,112.0396195,-23.65005094,-46.64809546
6320299716,Fortaleza,CE,0,Não,0,443,0.33,35796.74,1,486.31,-43.31491811,-3.785866303,-38.52800282
4653762127,Rio de Janeiro,RJ,3,Sim,1,716,7.33,67371.97,16,776.32,-60.32243998,-22.92316461,-43.45109396
5445213287,Manaus,AM,0,Não,0,400,0.33,61855.15,1,486.86,-86.85811962,-2.625918589,-60.25963252
1115899857,Belo Horizonte,MG,3,Sim,1,627,2.67,56227.29,2,583.19,43.80942303,-19.90269606,-43.9599942
7870600405,Rio de Janeiro,RJ,2,Sim,1,496,2.33,67371.97,3,569.64,-73.64435482,-22.92316461,-43.45109396
2110275887,São Paulo,SP,0,Não,0,474,0.33,93156.23,1,487.51,-13.51060747,-23.65005094,-46.64809546
1441559420,São Paulo,SP,2,Sim,1,707,2,93156.23,2,556.4,150.5966975,-23.65005094,-46.64809546
3375905009,Manaus,AM,1,Não,0,257,0.67,61855.15,1,500.64,-243.6366586,-2.625918589,-60.25963252
7386361750,Belo Horizonte,MG,3,Sim,1,725,7.33,56227.29,16,776.09,-51.09012312,-19.90269606,-43.9599942
3150475640,Rio de Janeiro,RJ,1,Sim,1,469,0.67,67371.97,0,500.75,-31.75165977,-22.92316461,-43.45109396
3464119574,Manaus,AM,2,Sim,1,627,2.33,61855.15,3,569.53,57.47064632,-2.625918589,-60.25963252
7764447333,Fortaleza,CE,1,Não,0,390,0.67,35796.74,1,500.09,-110.0934571,-3.785866303,-38.52800282
8118448918,Fortaleza,CE,2,Sim,1,505,2.33,35796.74,3,568.99,-63.98615217,-3.785866303,-38.52800282
7094531458,São Paulo,SP,2,Sim,1,544,2.33,93156.23,3,570.18,-26.18184153,-23.65005094,-46.64809546
2756674874,Rio de Janeiro,RJ,1,Sim,1,458,0.67,67371.97,0,500.75,-42.75165977,-22.92316461,-43.45109396
7987283096,Rio de Janeiro,RJ,0,Sim,1,494,0.33,67371.97,0,486.97,7.026879237,-22.92316461,-43.45109396
8215018862,Fortaleza,CE,1,Não,0,498,0.33,35796.74,0,486.31,11.68508189,-3.785866303,-38.52800282
9677167381,São Paulo,SP,0,Sim,1,457,0.33,93156.23,0,487.51,-30.51060747,-23.65005094,-46.64809546
5922983801,São Paulo,SP,2,Sim,1,706,2.33,93156.23,3,570.18,135.8181585,-23.65005094,-46.64809546
4780822202,Rio de Janeiro,RJ,4,Sim,1,657,3.67,67371.97,4,624.76,32.24148913,-22.92316461,-43.45109396
7903406542,São Paulo,SP,0,Não,0,414,0.33,93156.23,1,487.51,-73.51060747,-23.65005094,-46.64809546
1518567266,Manaus,AM,0,Não,0,581,0,61855.15,0,473.08,107.9204194,-2.625918589,-60.25963252
8428602457,São Paulo,SP,3,Sim,1,620,3.33,93156.23,4,611.52,8.482541441,-23.65005094,-46.64809546
1085383568,Rio de Janeiro,RJ,0,Sim,1,478,0.67,67371.97,1,500.75,-22.75165977,-22.92316461,-43.45109396
5185914687,Belo Horizonte,MG,3,Sim,1,717,2.67,56227.29,2,583.19,133.809423,-19.90269606,-43.9599942
4157298415,São Paulo,SP,3,Sim,1,583,3,93156.23,3,597.74,-14.73891955,-23.65005094,-46.64809546
2242880753,Rio de Janeiro,RJ,2,Sim,1,635,2.33,67371.97,3,569.64,65.35564518,-22.92316461,-43.45109396
4562446203,Fortaleza,CE,3,Sim,1,396,2.67,35796.74,2,582.76,-186.7646912,-3.785866303,-38.52800282
5430407489,São Paulo,SP,1,Não,0,421,0.33,93156.23,0,487.51,-66.51060747,-23.65005094,-46.64809546
3213990830,São Paulo,SP,2,Sim,1,720,2.33,93156.23,3,570.18,149.8181585,-23.65005094,-46.64809546
2202537347,Rio de Janeiro,RJ,2,Sim,1,518,2,67371.97,2,555.87,-37.86581581,-22.92316461,-43.45109396
3006497607,São Paulo,SP,3,Sim,1,572,3,93156.23,3,597.74,-25.73891955,-23.65005094,-46.64809546
7602901273,Belo Horizonte,MG,4,Sim,1,755,7.67,56227.29,16,789.87,-34.86866213,-19.90269606,-43.9599942
7830731983,Manaus,AM,3,Sim,1,508,2.67,61855.15,2,583.31,-75.30789269,-2.625918589,-60.25963252
6023050824,Rio de Janeiro,RJ,2,Sim,1,687,2.33,67371.97,3,569.64,117.3556452,-22.92316461,-43.45109396
8991768297,Belo Horizonte,MG,0,Sim,1,559,0.33,56227.29,0,486.74,72.2591961,-19.90269606,-43.9599942
2428392257,Belo Horizonte,MG,0,Não,0,542,0.33,56227.29,1,486.74,55.2591961,-19.90269606,-43.9599942
1732005039,Fortaleza,CE,4,Sim,1,692,3.67,35796.74,4,624.1,67.89969179,-3.785866303,-38.52800282
5275921974,São Paulo,SP,2,Sim,1,580,2.33,93156.23,3,570.18,9.818158472,-23.65005094,-46.64809546
2491070237,Belo Horizonte,MG,3,Sim,1,739,3,56227.29,3,596.97,142.030884,-19.90269606,-43.9599942
4725553939,Belo Horizonte,MG,3,Sim,1,588,2.67,56227.29,2,583.19,4.809423025,-19.90269606,-43.9599942
5719108066,São Paulo,SP,0,Sim,1,479,0.33,93156.23,0,487.51,-8.510607467,-23.65005094,-46.64809546
1954372695,Belo Horizonte,MG,2,Sim,1,553,2.33,56227.29,3,569.41,-16.41203796,-19.90269606,-43.9599942
8055416459,São Paulo,SP,2,Sim,1,540,2.33,93156.23,3,570.18,-30.18184153,-23.65005094,-46.64809546
9788705179,Fortaleza,CE,4,Sim,1,657,3.67,35796.74,4,624.1,32.89969179,-3.785866303,-38.52800282
7722250754,São Paulo,SP,3,Sim,1,692,7.33,93156.23,16,776.86,-84.85992668,-23.65005094,-46.64809546
7536148666,Manaus,AM,3,Sim,1,557,2.67,61855.15,2,583.31,-26.30789269,-2.625918589,-60.25963252
1007408040,São Paulo,SP,3,Sim,1,527,3,93156.23,3,597.74,-70.73891955,-23.65005094,-46.64809546
6797571765,Manaus,AM,2,Sim,1,704,2,61855.15,2,555.75,148.2491853,-2.625918589,-60.25963252
8892590778,São Paulo,SP,4,Sim,1,624,7.67,93156.23,16,790.64,-166.6384657,-23.65005094,-46.64809546
8200070220,Belo Horizonte,MG,4,Sim,1,733,7.67,56227.29,16,789.87,-56.86866213,-19.90269606,-43.9599942
7356478872,Fortaleza,CE,0,Sim,1,508,0.67,35796.74,1,500.09,7.906542884,-3.785866303,-38.52800282
1410322328,Belo Horizonte,MG,1,Não,0,463,0.67,56227.29,1,500.52,-37.51934291,-19.90269606,-43.9599942
9850987738,Fortaleza,CE,3,Sim,1,556,2.67,35796.74,2,582.76,-26.76469118,-3.785866303,-38.52800282
4527350027,Rio de Janeiro,RJ,2,Sim,1,441,2.33,67371.97,3,569.64,-128.6443548,-22.92316461,-43.45109396
1994358224,São Paulo,SP,1,Não,0,482,0.33,93156.23,0,487.51,-5.510607467,-23.65005094,-46.64809546
9889327101,São Paulo,SP,1,Sim,1,524,1,93156.23,1,515.07,8.932314513,-23.65005094,-46.64809546
9644234165,São Paulo,SP,4,Sim,1,679,3.67,93156.23,4,625.3,53.70400243,-23.65005094,-46.64809546
7586914880,São Paulo,SP,3,Sim,1,504,2.67,93156.23,2,583.96,-79.96038054,-23.65005094,-46.64809546
1667442778,Manaus,AM,3,Sim,1,529,3,61855.15,3,597.09,-68.0864317,-2.625918589,-60.25963252
9097762806,Rio de Janeiro,RJ,0,Sim,1,444,0.33,67371.97,0,486.97,-42.97312076,-22.92316461,-43.45109396
3808005167,São Paulo,SP,2,Sim,1,751,2,93156.23,2,556.4,194.5966975,-23.65005094,-46.64809546
5637839127,Fortaleza,CE,3,Sim,1,625,2.67,35796.74,2,582.76,42.23530882,-3.785866303,-38.52800282
5824478352,Manaus,AM,0,Sim,1,318,0.67,61855.15,1,500.64,-182.6366586,-2.625918589,-60.25963252
4815265920,Rio de Janeiro,RJ,1,Não,0,361,0.33,67371.97,0,486.97,-125.9731208,-22.92316461,-43.45109396
1161374323,Fortaleza,CE,4,Sim,1,672,3.67,35796.74,4,624.1,47.89969179,-3.785866303,-38.52800282
5940697907,Belo Horizonte,MG,3,Sim,1,555,3.33,56227.29,4,610.75,-55.747655,-19.90269606,-43.9599942
5690405151,Rio de Janeiro,RJ,2,Sim,1,552,2,67371.97,2,555.87,-3.865815814,-22.92316461,-43.45109396
4393494506,São Paulo,SP,1,Sim,1,439,1,93156.23,1,515.07,-76.06768549,-23.65005094,-46.64809546
6038490670,São Paulo,SP,3,Sim,1,631,3,93156.23,3,597.74,33.26108045,-23.65005094,-46.64809546
4034521695,Fortaleza,CE,2,Sim,1,608,2,35796.74,2,555.21,52.79238684,-3.785866303,-38.52800282
6734711993,Fortaleza,CE,3,Sim,1,637,2.67,35796.74,2,582.76,54.23530882,-3.785866303,-38.52800282
9313575472,Fortaleza,CE,2,Sim,1,635,2,35796.74,2,555.21,79.79238684,-3.785866303,-38.52800282
4972296070,Fortaleza,CE,2,Sim,1,650,2,35796.74,2,555.21,94.79238684,-3.785866303,-38.52800282
3262113570,São Paulo,SP,2,Sim,1,698,2.33,93156.23,3,570.18,127.8181585,-23.65005094,-46.64809546
4859999293,Belo Horizonte,MG,4,Sim,1,691,3.67,56227.29,4,624.53,66.47380599,-19.90269606,-43.9599942
3622104051,Rio de Janeiro,RJ,1,Sim,1,462,0.67,67371.97,0,500.75,-38.75165977,-22.92316461,-43.45109396
1355641644,Manaus,AM,0,Sim,1,487,0.67,61855.15,1,500.64,-13.63665863,-2.625918589,-60.25963252
5722151597,Rio de Janeiro,RJ,3,Sim,1,617,2.67,67371.97,2,583.42,33.57710617,-22.92316461,-43.45109396
3113834727,Rio de Janeiro,RJ,1,Sim,1,441,0.67,67371.97,0,500.75,-59.75165977,-22.92316461,-43.45109396
4452125891,Fortaleza,CE,2,Sim,1,661,2.33,35796.74,3,568.99,92.01384783,-3.785866303,-38.52800282
6792613372,Rio de Janeiro,RJ,3,Sim,1,710,7.33,67371.97,16,776.32,-66.32243998,-22.92316461,-43.45109396
2764981747,São Paulo,SP,0,Sim,1,442,0.67,93156.23,1,501.29,-59.28914648,-23.65005094,-46.64809546
8602222972,Rio de Janeiro,RJ,3,Sim,1,639,3,67371.97,3,597.2,41.79856716,-22.92316461,-43.45109396
3880678482,Manaus,AM,3,Sim,1,691,3,61855.15,3,597.09,93.9135683,-2.625918589,-60.25963252
4929104689,Fortaleza,CE,1,Sim,1,430,1,35796.74,1,513.87,-83.87199613,-3.785866303,-38.52800282
5501994350,Belo Horizonte,MG,0,Sim,1,484,0.67,56227.29,1,500.52,-16.51934291,-19.90269606,-43.9599942
1171507428,Belo Horizonte,MG,2,Sim,1,564,2,56227.29,2,555.63,8.366501046,-19.90269606,-43.9599942
2368817476,Manaus,AM,1,Sim,1,484,1,61855.15,1,514.42,-30.41519764,-2.625918589,-60.25963252
9169973943,Manaus,AM,3,Sim,1,687,2.67,61855.15,2,583.31,103.6921073,-2.625918589,-60.25963252
4620469424,São Paulo,SP,4,Sim,1,640,3.67,93156.23,4,625.3,14.70400243,-23.65005094,-46.64809546
4374241429,Fortaleza,CE,1,Não,0,385,0.67,35796.74,1,500.09,-115.0934571,-3.785866303,-38.52800282
3501224514,Belo Horizonte,MG,0,Não,0,548,0,56227.29,0,472.96,75.03773511,-19.90269606,-43.9599942
3249250035,Manaus,AM,2,Sim,1,520,2,61855.15,2,555.75,-35.75081467,-2.625918589,-60.25963252
2028493388,São Paulo,SP,3,Sim,1,595,2.67,93156.23,2,583.96,11.03961946,-23.65005094,-46.64809546
6518554671,Manaus,AM,0,Sim,1,424,0.33,61855.15,0,486.86,-62.85811962,-2.625918589,-60.25963252
6041828487,Fortaleza,CE,2,Sim,1,684,2.33,35796.74,3,568.99,115.0138478,-3.785866303,-38.52800282
7746256521,Fortaleza,CE,1,Sim,1,456,0.67,35796.74,0,500.09,-44.09345712,-3.785866303,-38.52800282
8849787752,São Paulo,SP,3,Sim,1,402,3,93156.23,3,597.74,-195.7389195,-23.65005094,-46.64809546
2767428869,Rio de Janeiro,RJ,0,Não,0,569,0,67371.97,0,473.19,95.80541825,-22.92316461,-43.45109396
1604282252,Belo Horizonte,MG,3,Sim,1,563,2.67,56227.29,2,583.19,-20.19057697,-19.90269606,-43.9599942
9548709492,Fortaleza,CE,1,Não,0,409,0.33,35796.74,0,486.31,-77.31491811,-3.785866303,-38.52800282
4151921795,Rio de Janeiro,RJ,4,Sim,1,826,7.67,67371.97,16,790.1,35.89902101,-22.92316461,-43.45109396
5796417466,Fortaleza,CE,3,Sim,1,701,7.33,35796.74,16,775.66,-74.66423732,-3.785866303,-38.52800282
9436261533,São Paulo,SP,3,Sim,1,593,3,93156.23,3,597.74,-4.738919549,-23.65005094,-46.64809546
1088353774,Rio de Janeiro,RJ,4,Sim,1,676,7.67,67371.97,16,790.1,-114.100979,-22.92316461,-43.45109396
2397866241,Manaus,AM,3,Sim,1,618,7.33,61855.15,16,776.21,-158.2074388,-2.625918589,-60.25963252
1514711728,São Paulo,SP,0,Não,0,381,0,93156.23,0,473.73,-92.73206846,-23.65005094,-46.64809546
8298191978,Manaus,AM,1,Não,0,412,0.67,61855.15,1,500.64,-88.63665863,-2.625918589,-60.25963252
6446068926,Belo Horizonte,MG,2,Sim,1,660,2.33,56227.29,3,569.41,90.58796204,-19.90269606,-43.9599942
4532024399,Rio de Janeiro,RJ,3,Sim,1,839,3.33,67371.97,4,610.98,228.0200281,-22.92316461,-43.45109396
1124989773,Manaus,AM,0,Não,0,554,0,61855.15,0,473.08,80.92041939,-2.625918589,-60.25963252
4388750144,Belo Horizonte,MG,3,Sim,1,700,3,56227.29,3,596.97,103.030884,-19.90269606,-43.9599942
6026183023,Fortaleza,CE,0,Não,0,473,0,35796.74,0,472.54,0.463620905,-3.785866303,-38.52800282
1349097198,Fortaleza,CE,1,Sim,1,368,1,35796.74,1,513.87,-145.8719961,-3.785866303,-38.52800282
4747447078,Rio de Janeiro,RJ,4,Sim,1,689,3.67,67371.97,4,624.76,64.24148913,-22.92316461,-43.45109396
9301021901,Rio de Janeiro,RJ,3,Sim,1,601,3,67371.97,3,597.2,3.798567155,-22.92316461,-43.45109396
6114413842,Fortaleza,CE,0,Sim,1,547,0.67,35796.74,1,500.09,46.90654288,-3.785866303,-38.52800282
9254298669,Manaus,AM,1,Não,0,432,0.33,61855.15,0,486.86,-54.85811962,-2.625918589,-60.25963252
3463879269,Rio de Janeiro,RJ,3,Sim,1,717,2.67,67371.97,2,583.42,133.5771062,-22.92316461,-43.45109396
8763849515,São Paulo,SP,2,Sim,1,515,2,93156.23,2,556.4,-41.40330252,-23.65005094,-46.64809546
3364347146,Fortaleza,CE,3,Sim,1,910,3.33,35796.74,4,610.32,299.6782308,-3.785866303,-38.52800282
8701141463,Manaus,AM,3,Sim,1,777,7.33,61855.15,16,776.21,0.792561168,-2.625918589,-60.25963252
6893211361,Manaus,AM,3,Sim,1,634,3,61855.15,3,597.09,36.9135683,-2.625918589,-60.25963252
9458208500,Manaus,AM,3,Sim,1,595,2.67,61855.15,2,583.31,11.69210731,-2.625918589,-60.25963252
8731947076,Rio de Janeiro,RJ,0,Sim,1,432,0.33,67371.97,0,486.97,-54.97312076,-22.92316461,-43.45109396
7661254582,São Paulo,SP,0,Sim,1,532,0.67,93156.23,1,501.29,30.71085352,-23.65005094,-46.64809546
7406750263,Fortaleza,CE,1,Não,0,660,0.67,35796.74,1,500.09,159.9065429,-3.785866303,-38.52800282
3137370468,Belo Horizonte,MG,2,Sim,1,754,2.33,56227.29,3,569.41,184.587962,-19.90269606,-43.9599942
7735487194,Manaus,AM,3,Sim,1,667,2.67,61855.15,2,583.31,83.69210731,-2.625918589,-60.25963252
3081076929,Fortaleza,CE,2,Sim,1,597,2.33,35796.74,3,568.99,28.01384783,-3.785866303,-38.52800282
7055521598,Belo Horizonte,MG,3,Sim,1,830,7.33,56227.29,16,776.09,53.90987688,-19.90269606,-43.9599942
9456653698,São Paulo,SP,0,Sim,1,464,0.33,93156.23,0,487.51,-23.51060747,-23.65005094,-46.64809546
8622922016,Fortaleza,CE,3,Sim,1,820,2.67,35796.74,2,582.76,237.2353088,-3.785866303,-38.52800282
1812646468,São Paulo,SP,3,Sim,1,744,2.67,93156.23,2,583.96,160.0396195,-23.65005094,-46.64809546
6281932247,Fortaleza,CE,4,Sim,1,589,7.67,35796.74,16,789.44,-200.4427763,-3.785866303,-38.52800282
7381394189,Manaus,AM,1,Sim,1,498,1,61855.15,1,514.42,-16.41519764,-2.625918589,-60.25963252
8832879664,Fortaleza,CE,3,Sim,1,530,3,35796.74,3,596.54,-66.54323019,-3.785866303,-38.52800282
2941360816,Rio de Janeiro,RJ,3,Sim,1,707,3.33,67371.97,4,610.98,96.02002814,-22.92316461,-43.45109396
4048571795,Rio de Janeiro,RJ,2,Sim,1,453,2,67371.97,2,555.87,-102.8658158,-22.92316461,-43.45109396
4428117473,Rio de Janeiro,RJ,3,Sim,1,485,3,67371.97,3,597.2,-112.2014328,-22.92316461,-43.45109396
1925503682,São Paulo,SP,3,Sim,1,477,2.67,93156.23,2,583.96,-106.9603805,-23.65005094,-46.64809546
1842412072,Fortaleza,CE,3,Sim,1,733,3,35796.74,3,596.54,136.4567698,-3.785866303,-38.52800282
7087430374,Fortaleza,CE,3,Sim,1,821,3.33,35796.74,4,610.32,210.6782308,-3.785866303,-38.52800282
8438745233,Fortaleza,CE,1,Não,0,483,0.33,35796.74,0,486.31,-3.314918106,-3.785866303,-38.52800282
2075178777,Fortaleza,CE,0,Sim,1,574,0.67,35796.74,1,500.09,73.90654288,-3.785866303,-38.52800282
8242316797,São Paulo,SP,1,Sim,1,404,0.67,93156.23,0,501.29,-97.28914648,-23.65005094,-46.64809546
5043392142,Belo Horizonte,MG,0,Não,0,534,0.33,56227.29,1,486.74,47.2591961,-19.90269606,-43.9599942
7304550412,Belo Horizonte,MG,3,Sim,1,714,7.33,56227.29,16,776.09,-62.09012312,-19.90269606,-43.9599942
5589606287,Belo Horizonte,MG,2,Sim,1,529,2.33,56227.29,3,569.41,-40.41203796,-19.90269606,-43.9599942
2494437589,Manaus,AM,1,Não,0,328,0.67,61855.15,1,500.64,-172.6366586,-2.625918589,-60.25963252
7238584495,Belo Horizonte,MG,1,Não,0,320,0.33,56227.29,0,486.74,-166.7408039,-19.90269606,-43.9599942
2399452566,Manaus,AM,1,Sim,1,488,1,61855.15,1,514.42,-26.41519764,-2.625918589,-60.25963252
2562449215,Rio de Janeiro,RJ,2,Sim,1,618,2,67371.97,2,555.87,62.13418419,-22.92316461,-43.45109396
1282097030,Belo Horizonte,MG,3,Sim,1,446,2.67,56227.29,2,583.19,-137.190577,-19.90269606,-43.9599942
6368091131,Belo Horizonte,MG,1,Sim,1,377,1,56227.29,1,514.3,-137.2978819,-19.90269606,-43.9599942
5602704332,São Paulo,SP,4,Sim,1,715,7.67,93156.23,16,790.64,-75.63846569,-23.65005094,-46.64809546
3953144116,Fortaleza,CE,4,Sim,1,834,7.67,35796.74,16,789.44,44.55722367,-3.785866303,-38.52800282
1211265104,Fortaleza,CE,0,Sim,1,406,0.67,35796.74,1,500.09,-94.09345712,-3.785866303,-38.52800282
2797404139,Manaus,AM,2,Sim,1,519,2.33,61855.15,3,569.53,-50.52935368,-2.625918589,-60.25963252
1569865054,Manaus,AM,1,Sim,1,478,0.67,61855.15,0,500.64,-22.63665863,-2.625918589,-60.25963252
7456214907,Fortaleza,CE,4,Sim,1,542,7.67,35796.74,16,789.44,-247.4427763,-3.785866303,-38.52800282
3884056224,Fortaleza,CE,0,Sim,1,529,0.33,35796.74,0,486.31,42.68508189,-3.785866303,-38.52800282
1895476956,Fortaleza,CE,3,Sim,1,661,7.33,35796.74,16,775.66,-114.6642373,-3.785866303,-38.52800282
2550360588,Belo Horizonte,MG,3,Sim,1,712,2.67,56227.29,2,583.19,128.809423,-19.90269606,-43.9599942
3290967221,São Paulo,SP,3,Sim,1,587,2.67,93156.23,2,583.96,3.039619461,-23.65005094,-46.64809546
3505640408,Fortaleza,CE,3,Sim,1,735,2.67,35796.74,2,582.76,152.2353088,-3.785866303,-38.52800282
2712098349,São Paulo,SP,2,Sim,1,615,2.33,93156.23,3,570.18,44.81815847,-23.65005094,-46.64809546
8502220268,Fortaleza,CE,1,Não,0,460,0.67,35796.74,1,500.09,-40.09345712,-3.785866303,-38.52800282
7459483832,Manaus,AM,3,Sim,1,718,7.33,61855.15,16,776.21,-58.20743883,-2.625918589,-60.25963252
1827863574,São Paulo,SP,2,Sim,1,603,2,93156.23,2,556.4,46.59669748,-23.65005094,-46.64809546
1778498462,São Paulo,SP,3,Sim,1,615,2.67,93156.23,2,583.96,31.03961946,-23.65005094,-46.64809546
8068806851,Belo Horizonte,MG,4,Sim,1,721,3.67,56227.29,4,624.53,96.47380599,-19.90269606,-43.9599942
4770311912,Rio de Janeiro,RJ,0,Sim,1,538,0.33,67371.97,0,486.97,51.02687924,-22.92316461,-43.45109396
1615511910,Fortaleza,CE,2,Sim,1,417,2.33,35796.74,3,568.99,-151.9861522,-3.785866303,-38.52800282
1224651570,Rio de Janeiro,RJ,2,Sim,1,604,2.33,67371.97,3,569.64,34.35564518,-22.92316461,-43.45109396
7177798912,Rio de Janeiro,RJ,0,Sim,1,538,0.67,67371.97,1,500.75,37.24834023,-22.92316461,-43.45109396
1828980827,Rio de Janeiro,RJ,0,Não,0,483,0,67371.97,0,473.19,9.805418248,-22.92316461,-43.45109396
5059437536,Manaus,AM,2,Sim,1,560,2,61855.15,2,555.75,4.249185332,-2.625918589,-60.25963252
9296968630,Belo Horizonte,MG,3,Sim,1,550,2.67,56227.29,2,583.19,-33.19057697,-19.90269606,-43.9599942
9020640775,Rio de Janeiro,RJ,0,Não,0,386,0.33,67371.97,1,486.97,-100.9731208,-22.92316461,-43.45109396
7215763778,Belo Horizonte,MG,1,Não,0,323,0.67,56227.29,1,500.52,-177.5193429,-19.90269606,-43.9599942
3875474495,Fortaleza,CE,1,Sim,1,542,1,35796.74,1,513.87,28.12800387,-3.785866303,-38.52800282
9086588802,Fortaleza,CE,3,Sim,1,643,3.33,35796.74,4,610.32,32.6782308,-3.785866303,-38.52800282
8491433377,Belo Horizonte,MG,3,Sim,1,616,2.67,56227.29,2,583.19,32.80942303,-19.90269606,-43.9599942
9253216028,São Paulo,SP,4,Sim,1,770,7.67,93156.23,16,790.64,-20.63846569,-23.65005094,-46.64809546
5448187749,Rio de Janeiro,RJ,1,Não,0,538,0.33,67371.97,0,486.97,51.02687924,-22.92316461,-43.45109396
3758139571,Fortaleza,CE,3,Sim,1,570,3,35796.74,3,596.54,-26.54323019,-3.785866303,-38.52800282
9445581025,São Paulo,SP,0,Sim,1,634,0.33,93156.23,0,487.51,146.4893925,-23.65005094,-46.64809546
2733601390,Fortaleza,CE,3,Sim,1,534,2.67,35796.74,2,582.76,-48.76469118,-3.785866303,-38.52800282
7091361240,Fortaleza,CE,3,Sim,1,535,2.67,35796.74,2,582.76,-47.76469118,-3.785866303,-38.52800282
5783095774,Fortaleza,CE,2,Sim,1,623,2,35796.74,2,555.21,67.79238684,-3.785866303,-38.52800282
2748000528,Rio de Janeiro,RJ,3,Sim,1,670,7.33,67371.97,16,776.32,-106.32244,-22.92316461,-43.45109396
2896308382,São Paulo,SP,3,Sim,1,700,2.67,93156.23,2,583.96,116.0396195,-23.65005094,-46.64809546
4376340133,Rio de Janeiro,RJ,0,Sim,1,388,0.33,67371.97,0,486.97,-98.97312076,-22.92316461,-43.45109396
9954556089,Fortaleza,CE,1,Sim,1,363,1,35796.74,1,513.87,-150.8719961,-3.785866303,-38.52800282
5340352744,Belo Horizonte,MG,2,Sim,1,530,2,56227.29,2,555.63,-25.63349895,-19.90269606,-43.9599942
4302261905,São Paulo,SP,2,Sim,1,631,2,93156.23,2,556.4,74.59669748,-23.65005094,-46.64809546
4371503416,Manaus,AM,0,Não,0,343,0.33,61855.15,1,486.86,-143.8581196,-2.625918589,-60.25963252
1868507171,São Paulo,SP,4,Sim,1,667,7.67,93156.23,16,790.64,-123.6384657,-23.65005094,-46.64809546
4416918600,Belo Horizonte,MG,0,Não,0,476,0,56227.29,0,472.96,3.037735107,-19.90269606,-43.9599942
1249757180,Manaus,AM,0,Não,0,529,0,61855.15,0,473.08,55.92041939,-2.625918589,-60.25963252
3744623659,Rio de Janeiro,RJ,1,Sim,1,410,1,67371.97,1,514.53,-104.5301988,-22.92316461,-43.45109396
5354333199,São Paulo,SP,4,Sim,1,766,3.67,93156.23,4,625.3,140.7040024,-23.65005094,-46.64809546
3481022184,Manaus,AM,1,Sim,1,365,1,61855.15,1,514.42,-149.4151976,-2.625918589,-60.25963252
7329195898,Manaus,AM,4,Sim,1,750,3.67,61855.15,4,624.64,125.3564903,-2.625918589,-60.25963252
2556767850,Manaus,AM,4,Sim,1,769,7.67,61855.15,16,789.99,-20.98597784,-2.625918589,-60.25963252
3622587484,Belo Horizonte,MG,0,Não,0,511,0.33,56227.29,1,486.74,24.2591961,-19.90269606,-43.9599942
4574541885,Fortaleza,CE,0,Sim,1,477,0.67,35796.74,1,500.09,-23.09345712,-3.785866303,-38.52800282
5612058893,Belo Horizonte,MG,3,Sim,1,502,3,56227.29,3,596.97,-94.96911599,-19.90269606,-43.9599942
6850384462,Fortaleza,CE,2,Sim,1,657,2.33,35796.74,3,568.99,88.01384783,-3.785866303,-38.52800282
7969445136,Fortaleza,CE,3,Sim,1,748,2.67,35796.74,2,582.76,165.2353088,-3.785866303,-38.52800282
5669592109,São Paulo,SP,4,Sim,1,644,7.67,93156.23,16,790.64,-146.6384657,-23.65005094,-46.64809546
5285882184,Manaus,AM,3,Sim,1,711,2.67,61855.15,2,583.31,127.6921073,-2.625918589,-60.25963252
3686488476,Belo Horizonte,MG,3,Sim,1,623,7.33,56227.29,16,776.09,-153.0901231,-19.90269606,-43.9599942
5224490280,Fortaleza,CE,4,Sim,1,853,7.67,35796.74,16,789.44,63.55722367,-3.785866303,-38.52800282
8947247663,Manaus,AM,3,Sim,1,515,3,61855.15,3,597.09,-82.0864317,-2.625918589,-60.25963252
2241172099,Rio de Janeiro,RJ,0,Sim,1,520,0.33,67371.97,0,486.97,33.02687924,-22.92316461,-43.45109396
5512298608,São Paulo,SP,3,Sim,1,546,2.67,93156.23,2,583.96,-37.96038054,-23.65005094,-46.64809546
5380929755,Belo Horizonte,MG,3,Sim,1,646,7.33,56227.29,16,776.09,-130.0901231,-19.90269606,-43.9599942
3518001184,São Paulo,SP,1,Sim,1,496,0.67,93156.23,0,501.29,-5.289146477,-23.65005094,-46.64809546
1142307138,São Paulo,SP,3,Sim,1,606,3,93156.23,3,597.74,8.261080451,-23.65005094,-46.64809546
9541017076,Manaus,AM,1,Não,0,435,0.67,61855.15,1,500.64,-65.63665863,-2.625918589,-60.25963252
8171140085,Rio de Janeiro,RJ,0,Não,0,512,0.33,67371.97,1,486.97,25.02687924,-22.92316461,-43.45109396
9801437687,São Paulo,SP,1,Sim,1,478,0.67,93156.23,0,501.29,-23.28914648,-23.65005094,-46.64809546
6431838160,Belo Horizonte,MG,0,Sim,1,448,0.67,56227.29,1,500.52,-52.51934291,-19.90269606,-43.9599942
8690595047,Fortaleza,CE,2,Sim,1,698,2,35796.74,2,555.21,142.7923868,-3.785866303,-38.52800282
4977103345,Manaus,AM,0,Sim,1,423,0.33,61855.15,0,486.86,-63.85811962,-2.625918589,-60.25963252
5045091530,São Paulo,SP,2,Sim,1,650,2.33,93156.23,3,570.18,79.81815847,-23.65005094,-46.64809546
7298968423,Fortaleza,CE,4,Sim,1,845,3.67,35796.74,4,624.1,220.8996918,-3.785866303,-38.52800282
7670069521,São Paulo,SP,4,Sim,1,618,3.67,93156.23,4,625.3,-7.295997569,-23.65005094,-46.64809546
3095314818,Belo Horizonte,MG,3,Sim,1,689,3,56227.29,3,596.97,92.03088401,-19.90269606,-43.9599942
8446962054,São Paulo,SP,3,Sim,1,730,3,93156.23,3,597.74,132.2610805,-23.65005094,-46.64809546
9087219220,Rio de Janeiro,RJ,0,Não,0,430,0.33,67371.97,1,486.97,-56.97312076,-22.92316461,-43.45109396
6822633009,Fortaleza,CE,1,Sim,1,463,0.67,35796.74,0,500.09,-37.09345712,-3.785866303,-38.52800282
8341777356,Rio de Janeiro,RJ,3,Sim,1,628,2.67,67371.97,2,583.42,44.57710617,-22.92316461,-43.45109396
1176076080,Fortaleza,CE,3,Sim,1,548,3,35796.74,3,596.54,-48.54323019,-3.785866303,-38.52800282
2912633192,Fortaleza,CE,3,Sim,1,601,3.33,35796.74,4,610.32,-9.321769198,-3.785866303,-38.52800282
7787891949,Fortaleza,CE,1,Não,0,356,0.67,35796.74,1,500.09,-144.0934571,-3.785866303,-38.52800282
7304214389,Belo Horizonte,MG,3,Sim,1,609,2.67,56227.29,2,583.19,25.80942303,-19.90269606,-43.9599942
1814530375,Rio de Janeiro,RJ,2,Sim,1,627,2.33,67371.97,3,569.64,57.35564518,-22.92316461,-43.45109396
4556770606,São Paulo,SP,1,Sim,1,564,0.67,93156.23,0,501.29,62.71085352,-23.65005094,-46.64809546
6086016368,Manaus,AM,1,Sim,1,333,1,61855.15,1,514.42,-181.4151976,-2.625918589,-60.25963252
1786560424,Rio de Janeiro,RJ,4,Sim,1,659,7.67,67371.97,16,790.1,-131.100979,-22.92316461,-43.45109396
5325781255,Rio de Janeiro,RJ,3,Sim,1,608,2.67,67371.97,2,583.42,24.57710617,-22.92316461,-43.45109396
1818946952,Rio de Janeiro,RJ,1,Sim,1,563,1,67371.97,1,514.53,48.46980122,-22.92316461,-43.45109396
2829897964,Manaus,AM,3,Sim,1,671,3.33,61855.15,4,610.86,60.13502929,-2.625918589,-60.25963252
8141684873,São Paulo,SP,0,Sim,1,572,0.67,93156.23,1,501.29,70.71085352,-23.65005094,-46.64809546
2530616886,Belo Horizonte,MG,0,Não,0,356,0.33,56227.29,1,486.74,-130.7408039,-19.90269606,-43.9599942
1371554469,São Paulo,SP,2,Sim,1,463,2.33,93156.23,3,570.18,-107.1818415,-23.65005094,-46.64809546
4642538833,Belo Horizonte,MG,0,Sim,1,479,0.33,56227.29,0,486.74,-7.740803903,-19.90269606,-43.9599942
8343651390,Fortaleza,CE,3,Sim,1,592,2.67,35796.74,2,582.76,9.235308822,-3.785866303,-38.52800282
9554707575,Fortaleza,CE,1,Não,0,576,0.67,35796.74,1,500.09,75.90654288,-3.785866303,-38.52800282
7394931923,Rio de Janeiro,RJ,3,Sim,1,678,2.67,67371.97,2,583.42,94.57710617,-22.92316461,-43.45109396
9685905345,Manaus,AM,4,Sim,1,798,7.67,61855.15,16,789.99,8.014022157,-2.625918589,-60.25963252
2835367625,Rio de Janeiro,RJ,2,Sim,1,698,2,67371.97,2,555.87,142.1341842,-22.92316461,-43.45109396
3264413060,Manaus,AM,0,Sim,1,415,0.33,61855.15,0,486.86,-71.85811962,-2.625918589,-60.25963252
7834727131,Belo Horizonte,MG,0,Não,0,467,0,56227.29,0,472.96,-5.962264893,-19.90269606,-43.9599942
9048370335,São Paulo,SP,3,Sim,1,603,7.33,93156.23,16,776.86,-173.8599267,-23.65005094,-46.64809546
9341948201,Manaus,AM,3,Sim,1,594,2.67,61855.15,2,583.31,10.69210731,-2.625918589,-60.25963252
2957464417,Rio de Janeiro,RJ,2,Sim,1,673,2.33,67371.97,3,569.64,103.3556452,-22.92316461,-43.45109396
1015489518,Belo Horizonte,MG,1,Sim,1,397,0.67,56227.29,0,500.52,-103.5193429,-19.90269606,-43.9599942
7280684793,Fortaleza,CE,1,Sim,1,486,0.67,35796.74,0,500.09,-14.09345712,-3.785866303,-38.52800282
1190027695,Fortaleza,CE,4,Sim,1,662,7.67,35796.74,16,789.44,-127.4427763,-3.785866303,-38.52800282
4081525686,Rio de Janeiro,RJ,2,Sim,1,555,2,67371.97,2,555.87,-0.865815814,-22.92316461,-43.45109396
3311186859,São Paulo,SP,0,Sim,1,606,0.33,93156.23,0,487.51,118.4893925,-23.65005094,-46.64809546
8754576817,Rio de Janeiro,RJ,3,Sim,1,643,2.67,67371.97,2,583.42,59.57710617,-22.92316461,-43.45109396
3683525010,Fortaleza,CE,3,Sim,1,514,2.67,35796.74,2,582.76,-68.76469118,-3.785866303,-38.52800282
9701852379,Manaus,AM,3,Sim,1,415,2.67,61855.15,2,583.31,-168.3078927,-2.625918589,-60.25963252
7034058240,Belo Horizonte,MG,2,Sim,1,589,2.33,56227.29,3,569.41,19.58796204,-19.90269606,-43.9599942
3321931824,Belo Horizonte,MG,3,Sim,1,859,7.33,56227.29,16,776.09,82.90987688,-19.90269606,-43.9599942
9750217024,Fortaleza,CE,4,Sim,1,790,7.67,35796.74,16,789.44,0.557223668,-3.785866303,-38.52800282
5167766774,Fortaleza,CE,2,Sim,1,551,2,35796.74,2,555.21,-4.207613157,-3.785866303,-38.52800282
1470835714,Belo Horizonte,MG,4,Sim,1,855,3.67,56227.29,4,624.53,230.473806,-19.90269606,-43.9599942
5914530383,São Paulo,SP,2,Sim,1,666,2.33,93156.23,3,570.18,95.81815847,-23.65005094,-46.64809546
7942197554,Rio de Janeiro,RJ,2,Sim,1,491,2,67371.97,2,555.87,-64.86581581,-22.92316461,-43.45109396
9224068417,São Paulo,SP,3,Sim,1,477,2.67,93156.23,2,583.96,-106.9603805,-23.65005094,-46.64809546
9528962885,Rio de Janeiro,RJ,1,Não,0,519,0.67,67371.97,1,500.75,18.24834023,-22.92316461,-43.45109396
6056190968,Fortaleza,CE,0,Sim,1,513,0.67,35796.74,1,500.09,12.90654288,-3.785866303,-38.52800282
6544697577,São Paulo,SP,3,Sim,1,623,3,93156.23,3,597.74,25.26108045,-23.65005094,-46.64809546
3152683796,Rio de Janeiro,RJ,3,Sim,1,463,2.67,67371.97,2,583.42,-120.4228938,-22.92316461,-43.45109396
5417453310,Fortaleza,CE,2,Sim,1,666,2.33,35796.74,3,568.99,97.01384783,-3.785866303,-38.52800282
4254777889,São Paulo,SP,3,Sim,1,724,7.33,93156.23,16,776.86,-52.85992668,-23.65005094,-46.64809546
6293891954,Belo Horizonte,MG,0,Sim,1,602,0.67,56227.29,1,500.52,101.4806571,-19.90269606,-43.9599942
3578227825,Belo Horizonte,MG,3,Sim,1,596,3,56227.29,3,596.97,-0.969115985,-19.90269606,-43.9599942
2497574750,Manaus,AM,1,Não,0,587,0.67,61855.15,1,500.64,86.36334137,-2.625918589,-60.25963252
1260319507,Belo Horizonte,MG,3,Sim,1,552,2.67,56227.29,2,583.19,-31.19057697,-19.90269606,-43.9599942
3857775495,Fortaleza,CE,0,Sim,1,521,0.67,35796.74,1,500.09,20.90654288,-3.785866303,-38.52800282
5363939407,Fortaleza,CE,4,Sim,1,712,7.67,35796.74,16,789.44,-77.44277633,-3.785866303,-38.52800282
9144932549,São Paulo,SP,0,Não,0,497,0.33,93156.23,1,487.51,9.489392533,-23.65005094,-46.64809546
9795304281,Manaus,AM,3,Sim,1,519,3,61855.15,3,597.09,-78.0864317,-2.625918589,-60.25963252
9732512405,São Paulo,SP,3,Sim,1,611,3,93156.23,3,597.74,13.26108045,-23.65005094,-46.64809546
6394938850,Rio de Janeiro,RJ,0,Sim,1,515,0.33,67371.97,0,486.97,28.02687924,-22.92316461,-43.45109396
1858224307,São Paulo,SP,3,Sim,1,744,7.33,93156.23,16,776.86,-32.85992668,-23.65005094,-46.64809546
3786782355,Manaus,AM,1,Sim,1,493,0.67,61855.15,0,500.64,-7.636658627,-2.625918589,-60.25963252
7234732093,Manaus,AM,3,Sim,1,567,2.67,61855.15,2,583.31,-16.30789269,-2.625918589,-60.25963252
3919185621,Belo Horizonte,MG,2,Sim,1,536,2,56227.29,2,555.63,-19.63349895,-19.90269606,-43.9599942
4728005537,Rio de Janeiro,RJ,0,Não,0,533,0,67371.97,0,473.19,59.80541825,-22.92316461,-43.45109396
2108290086,Manaus,AM,4,Sim,1,760,7.67,61855.15,16,789.99,-29.98597784,-2.625918589,-60.25963252
1548324007,Manaus,AM,1,Sim,1,513,1,61855.15,1,514.42,-1.415197637,-2.625918589,-60.25963252
9306009076,Fortaleza,CE,0,Sim,1,485,0.33,35796.74,0,486.31,-1.314918106,-3.785866303,-38.52800282
9767678338,Manaus,AM,0,Não,0,533,0.33,61855.15,1,486.86,46.14188038,-2.625918589,-60.25963252
3843815297,São Paulo,SP,3,Sim,1,669,2.67,93156.23,2,583.96,85.03961946,-23.65005094,-46.64809546
2288246472,Rio de Janeiro,RJ,0,Não,0,426,0.33,67371.97,1,486.97,-60.97312076,-22.92316461,-43.45109396
3421149011,Fortaleza,CE,4,Sim,1,727,3.67,35796.74,4,624.1,102.8996918,-3.785866303,-38.52800282
5498466015,Belo Horizonte,MG,1,Sim,1,357,1,56227.29,1,514.3,-157.2978819,-19.90269606,-43.9599942
6016001679,Belo Horizonte,MG,1,Não,0,366,0.67,56227.29,1,500.52,-134.5193429,-19.90269606,-43.9599942
